col0,col1,col2
Smart & Final,Bellflower,California
Alicetheclown.com,Los Angeles,California
Standard Development,Los Angeles,California
Rodeway Inn-Near Venice Beach,Los Angeles,California
Oto Development LLC,Redondo Beach,California
Cole-Haan Company Store LLC,Beverly Hills,California
Iglesia Cristiana Gethsemane,Paramount,California
Vriksha LLC,Altadena,California
Solutions,Marina Del Rey,California
Hoffner Richard MD,Marina Del Rey,California
Juan Bravo Drywalls,Norwalk,California
Gardner Automotive Comms Inc,Redondo Beach,California
Drw Inc,Gardena,California
Girls & Boys Town,Compton,California
Ultimate Fitness Center,Torrance,California
Elite Model Management Inc,Beverly Hills,California
Grand New Bargain,Los Angeles,California
House of Spirits,Los Angeles,California
Sepi's Giant Submarines,Los Angeles,California
Store Fixtures Specialist,Artesia,California
Magno Realty Group,Los Angeles,California
Local Net,Long Beach,California
Millennium Dental Technologies,Cerritos,California
AAA Appliance Service,Los Angeles,California
Branches Of Love,San Pedro,California
Sigma Micro Systems Inc,Torrance,California
Shogun-pop,Torrance,California
Monico Alloys Inc,Compton,California
J H Demolition,Compton,California
Salon Centric,Downey,California
"Nu Yu Med Spa, Paramount, CA, Dr. Roya Masoud",Paramount,California
Ivie League Christian Pre,Los Angeles,California
R Sonia Batra Md,Santa Monica,California
Bruce Martin Design,Malibu,California
Magna Carta Companies Inc,Los Angeles,California
Pisegna Joseph R MD,Los Angeles,California
Ucla West Washington,Los Angeles,California
Li Jason Xinyu,Los Angeles,California
Bellflower City,Bellflower,California
Silicon Planet,Los Angeles,California
Galaxe Communications,El Segundo,California
Rgl Forensics,Los Angeles,California
Snow Promotions,Bellflower,California
Briter Smile Dental Group,Los Angeles,California
I-On,Los Angeles,California
Brew Media Relations,Santa Monica,California
Robert D Brundin Dds Inc,Torrance,California
Japan Tobacco International U S A Inc,Torrance,California
Pentimento At Lacma,Los Angeles,California
Beverly Wood Dental,Los Angeles,California
Elixair Medical Inc,Santa Fe Springs,California
Norm Zadeh Inc,Beverly Hills,California
Synergic Security Services,Los Angeles,California
Animal Medical Ctr-Southern CA,Los Angeles,California
Field Entertainment Inc,West Hollywood,California
Samuel Airiev,Los Angeles,California
Food Chain Workers Alliance Inc,Los Angeles,California
Denice M Kuper Law Office,Long Beach,California
Perfumania,Culver City,California
Uniwell Corp,Carson,California
University Park Dialysis,Los Angeles,California
Vanilla Vision Inc,West Hollywood,California
Stockdale Professional,Los Angeles,California
Pinoy Pinay Filipino Fast Food Restaurant,Cerritos,California
Laura R Lefkowitz Dpm,Los Angeles,California
Royalty Inn,Bellflower,California
Fulfillment Express Inc,Pico Rivera,California
Dignity Health,Lynwood,California
"Kerneliservices Temporary Fencing in Lynwood, CA",Lynwood,California
Lacaffita Inc,Redondo Beach,California
24 Hour 7 Day Emergency Locksmith,Harbor City,California
Ingrid Snack Shop,Los Angeles,California
Manhattan Beach Badminton Club,Manhattan Beach,California
Cesar Chavez Liquor,Los Angeles,California
Extremely Clean Inc.,Redondo Beach,California
Northgate Market,South Gate,California
Cafe At the End-the Universe,Los Angeles,California
Qual Chem Pacific,Long Beach,California
Breathe California-Los Angeles,Los Angeles,California
Harvelles Blues Club,Santa Monica,California
Doggies Ade,Los Angeles,California
Ay -Do-No,Los Angeles,California
Mc Guire Woods Llp,Los Angeles,California
Daily Donut House,Los Angeles,California
Bailey & Partners,Santa Monica,California
Apparel Services International Inc,Los Angeles,California
Wishible Professional Inc,Cerritos,California
Hub International Ins Svc-CA,Santa Monica,California
B C Dance Productions Inc,Los Angeles,California
Pioneer Materials Inc,Torrance,California
Sity Communications Inc,Los Angeles,California
The Parlor Hair Designs In El Sereno,Los Angeles,California
Body by VI,Lakewood,California
Western Fire Arms,Bell,California
Valley Warehouse,Los Angeles,California
Audio Visual Services Group Inc,Long Beach,California
Joseph Ford Inc,Torrance,California
Rudy Obrero,Los Angeles,California
Bamboo Management LLC,Marina Del Rey,California
Blue Leaf Financial Service Inc,Los Angeles,California
Wesco Distribution Inc,Santa Fe Springs,California
Kitchen Store,Culver City,California
Rockman Company  U S A  Inc,Los Angeles,California
Vera Markowitz,Beverly Hills,California
Earth Wise Nutrition Center,Manhattan Beach,California
Mc Nicholas Law Office,Manhattan Beach,California
Fantastic Sams,San Pedro,California
BSwagg,Los Angeles,California
Langer Greg R,West Hollywood,California
London Market & Liquor,Lynwood,California
Bina Babak DO,Downey,California
U-Haul,Los Angeles,California
Laser Printer Service,Beverly Hills,California
Eat N High,Los Angeles,California
Id Modeling Inc,Arcadia,California
Heart Of The Phoenix,Long Beach,California
Nathaniel Thomas Clinical,Inglewood,California
Turnino Point Family Services,Carson,California
Ahf Pharmacy,Los Angeles,California
Enterprise Rent-A-Car,Long Beach,California
Realtor One/Mortgage America,Los Angeles,California
Olivia's Nutritional Center,Hawthorne,California
Zowie's Custom Painting,Whittier,California
Barwick Studios LLC,Los Angeles,California
Central Juvenile Hall Library,Los Angeles,California
It's Always Summer - Organic Spray Tanning & Sugaring Hair Removal,Torrance,California
English Laundry & Rock N Roll,Los Angeles,California
Portillo Productions,Lakewood,California
G&G Auto Exchange,Los Angeles,California
Jung Ja Lee,Altadena,California
Blake Electrical,Long Beach,California
Jimmy Harris Cindy Lu,Los Angeles,California
Regent Studios LLC,Los Angeles,California
Broad Art Foundation,Los Angeles,California
Doc Auto Inc,Los Angeles,California
Casa Latino Real Estate,Long Beach,California
Rexnord Industries LLC,Santa Fe Springs,California
Airport Chatter LLC,Los Angeles,California
payday services,Norwalk,California
Tridas Productions LLC,Los Angeles,California
Associated Students CA State,Long Beach,California
Laukenmann Chris B,Los Angeles,California
Pollak Vida & Fisher,Los Angeles,California
Bail Unit Bail Bonds,Whittier,California
Hot's Kitchen,Hermosa Beach,California
Bair's Keystone Body & Pntng,Santa Monica,California
American Gourmet Products,Lakewood,California
Tesla,Los Angeles,California
Apple,Cupertino,California
Oracle,Burlingame,California
