col0,col1,col2,col3,col4,col5,col6
1,Norma Fisher,Norma Fisher,"42814 Houston Hills
Rodriguezside, NJ 62629",Berlin,55704,Germany
2,Jorge Sullivan,Jorge Sullivan,"71760 Rogers Spur Apt. 296
North Lindseyborough, IN 08516",México D.F.,67087,Mexico
3,Elizabeth Woods,Elizabeth Woods,"8847 Kramer Station
South Christopher, KS 77208",México D.F.,66085,Mexico
4,Susan Wagner,Susan Wagner,"51108 Goodwin Flats Apt. 764
Lake Bobby, IL 82213",London,16274,UK
5,Peter Montgomery,Peter Montgomery,"6582 Vanessa Oval
New Richard, NE 68819",Luleå,73848,Sweden
6,Theodore Mcgrath,Theodore Mcgrath,"7389 Alec Squares Suite 508
Port Jonathan, FL 50177",Mannheim,14333,Germany
7,Stephanie Collins,Stephanie Collins,"18013 Billy Bridge Suite 522
Schmitthaven, NC 66355",Strasbourg,91350,France
8,Stephanie Sutton,Stephanie Sutton,"891 Bullock Ford
Amandachester, NJ 51431",Madrid,62709,Spain
9,Brian Hamilton,Brian Hamilton,"02489 Cook Park
Sherriport, MT 50853",Marseille,16825,France
10,Susan Levy,Susan Levy,"23450 Timothy Divide
Wuland, UT 20341",Tsawassen,67216,Canada
11,Sean Green,Sean Green,"0976 Williams Mountains Apt. 009
Lake Mario, OH 85565",London,59180,UK
12,Kimberly Smith,Kimberly Smith,"1097 Santos Springs Suite 264
New Michelleborough, WY 51884",Buenos Aires,62078,Argentina
13,Jennifer Summers,Jennifer Summers,"5100 Scott Burg
East Clayton, SC 66353",México D.F.,23920,Mexico
14,April Snyder,April Snyder,"412 Snow Manors Apt. 161
South Kimtown, NV 57004",Bern,60125,Switzerland
15,Dana Nguyen,Dana Nguyen,"5415 David Square
West Michaeltown, IN 48447",São Paulo,72298,Brazil
16,Cheryl Bradley,Cheryl Bradley,"03104 Norris Rapids
Port Donald, DE 62982",London,45041,UK
17,Walter Pratt,Walter Pratt,"03557 Phillips Wells Suite 291
New Beverlyburgh, FL 16915",Aachen,17393,Germany
18,Bobby Flores,Bobby Flores,"332 Watson Shore Apt. 290
Millerland, MT 39742",Nantes,55055,France
19,Tasha Rodriguez,Tasha Rodriguez,"645 John Roads
Danahaven, MS 54060",London,33850,UK
20,Michelle Kelley,Michelle Kelley,"3547 Stephanie Underpass Apt. 418
Port Jacqueline, HI 55774",Graz,49945,Austria
21,Kimberly Maynard,Kimberly Maynard,"5825 Welch Corners
Fischerport, UT 59363",São Paulo,10796,Brazil
22,Laurie Wallace,Laurie Wallace,"41489 Roger Terrace
Davisfort, IN 71770",Madrid,74554,Spain
23,Janice Johnston,Janice Johnston,"014 Aaron Locks Suite 714
Justinborough, CO 05147",Lille,66750,France
24,Collin Lopez,Collin Lopez,"8518 Pamela Track Apt. 164
Aprilshire, SC 28062",Bräcke,44487,Sweden
25,Mary Alvarez,Mary Alvarez,"864 Ramos Port Apt. 211
Moralesmouth, OH 88090",München,31114,Germany
26,Peter Mcdowell,Peter Mcdowell,"637 Neal Island Suite 074
Lake Tyler, RI 28775",Nantes,59981,France
27,Sarah Villanueva,Sarah Villanueva,"0811 Smith Canyon Apt. 904
Jessicabury, WV 75585",Torino,33068,Italy
28,Kimberly Myers,Kimberly Myers,"7562 Fisher Spur
Hernandezberg, MD 17438",Lisboa,46513,Portugal
29,Desiree Cain,Desiree Cain,"5667 Blair Underpass
South Shelby, VT 07027",Barcelona,63487,Spain
30,Stephanie Lawrence,Stephanie Lawrence,"PSC 0312, Box 5023
APO AP 39498",Sevilla,54277,Spain
31,Lauren Hayes,Lauren Hayes,"6708 Carpenter Overpass Suite 735
Bobbyton, MI 01008",Campinas,03635,Brazil
32,Whitney Stark,Whitney Stark,"16396 Shawn Junction
New Nicolemouth, ND 60236",Eugene,59090,USA
33,Angela Salazar,Angela Salazar,"PSC 4080, Box 3513
APO AP 45818",Caracas,95320,Venezuela
34,Mr. Ryan Sanchez,Mr. Ryan Sanchez,"4486 Olson Well
North Kevin, CA 01707",Rio de Janeiro,01288,Brazil
35,Autumn Robinson,Autumn Robinson,"67771 Christopher Courts Apt. 637
Port Ronaldfurt, HI 33233",,72913,
36,Faith Cabrera,Faith Cabrera,"5561 Bishop Turnpike
Lake Kenneth, NY 79756",Elgin,53566,USA
37,Charles Wolfe,Charles Wolfe,"3019 Gerald Mall Apt. 340
Trevinoville, SD 36216",Cork,58969,Ireland
38,Kenneth Kent,Kenneth Kent,"84331 Leonard Fort Suite 749
East Lisa, NY 43477",Cowes,29858,UK
39,Melanie Johnson,Melanie Johnson,"62281 Kathy Tunnel
Hudsonborough, VA 17819",Brandenburg,56794,Germany
40,Lisa Johnston,Lisa Johnston,"9927 Christina Burg Suite 774
East Angelaburgh, NM 97149",Versailles,32097,France
41,Jacob Hooper,Jacob Hooper,"142 Warner View Suite 460
North Leslie, IA 45480",Toulouse,33690,France
42,Alex Woodward,Alex Woodward,"5240 Berry Centers
West Andrew, AR 03720",Vancouver,63052,Canada
43,Caleb Clark,Caleb Clark,"51056 Patricia Forge
Grahamstad, HI 85576",Walla Walla,62772,USA
44,Taylor Johnson,Taylor Johnson,"0648 Malone Port Apt. 662
New Devonhaven, VA 92199",Frankfurt a.M.,18981,Germany
45,Brian Green,Brian Green,"23028 Jennifer Meadow Apt. 972
West Matthewfurt, SC 05261",San Francisco,30419,USA
46,Matthew Bell,Matthew Bell,"2738 Martin Terrace Suite 547
Smithhaven, LA 72649",,58291,
47,Jonathan Williams,Jonathan Williams,"984 Stephen Stravenue
South Michaelton, KY 97488",I. de Margarita,37662,Venezuela
48,William Gonzalez,William Gonzalez,"Unit 4943 Box 8856
DPO AA 27891",Portland,47683,USA
49,Nicholas Massey,Nicholas Massey,"98522 Mathis Viaduct Apt. 909
West Michael, LA 42837",Bergamo,86129,Italy
50,Caroline Chambers,Caroline Chambers,"620 Ashley Mills Apt. 507
Julieborough, OH 56059",Bruxelles,64226,Belgium
51,Amy Lowe,Amy Lowe,"212 Shelly Roads
Fischerview, LA 02288",Montréal,79071,Canada
52,Gloria King,Gloria King,"8885 Lee Tunnel Suite 208
Port Donna, OK 50851",Leipzig,20005,Germany
53,Jessica Thompson,Jessica Thompson,"693 Michael Estate
Lake Michael, NM 03009",London,68970,UK
54,Jason Carroll,Jason Carroll,"342 Miller Mission
Lake Jennifer, NY 92905",Buenos Aires,90219,Argentina
55,Emily Howard,Emily Howard,"71664 Kim Throughway
Chelsealand, AK 65056",Anchorage,11977,USA
56,Danielle Castro,Danielle Castro,"66660 Gomez Port Apt. 945
South Thomashaven, AZ 11181",Köln,25090,Germany
57,Patrick Rogers,Patrick Rogers,"0131 Williams Ville Apt. 562
Richardberg, FL 53480",Paris,39809,France
58,Douglas Allen,Douglas Allen,"22708 Madison Spurs
Herringstad, OR 11353",México D.F.,68370,Mexico
59,Heather Roberts,Heather Roberts,"3454 Holmes Motorway
Port Rachel, FL 05560",Salzburg,83194,Austria
60,Travis Schultz,Travis Schultz,"805 James Turnpike
Carrmouth, GA 93500",Lisboa,88733,Portugal
61,Michelle Hughes,Michelle Hughes,"8081 Smith Trail
North Ronaldstad, NV 44515",Rio de Janeiro,16590,Brazil
62,Matthew Smith,Matthew Smith,"125 Ian Crossroad Apt. 593
South Deannaport, MS 07347",São Paulo,08233,Brazil
63,George Allen,George Allen,"1607 Munoz River
Emilyshire, NH 54532",Cunewalde,20831,Germany
64,Jamie Hutchinson,Jamie Hutchinson,"3615 David Keys Apt. 269
West Stephenside, UT 65516",Buenos Aires,45433,Argentina
65,Jennifer Morales,Jennifer Morales,"640 Mary Common
Michaelville, AZ 20721",Albuquerque,05309,USA
66,Jennifer Bates,Jennifer Bates,"PSC 4006, Box 5282
APO AE 23388",Reggio Emilia,44336,Italy
67,Jeremy Green,Jeremy Green,"395 Timothy Road
Williamsbury, LA 43567",Rio de Janeiro,81999,Brazil
68,Joseph Freeman,Joseph Freeman,"3267 Walter Dam
Cunninghamtown, OR 01239",Genève,21519,Switzerland
69,Nicole Henson,Nicole Henson,"00580 Brandon Creek
Port Eric, MS 03966",Madrid,61921,Spain
70,Eric Owens PhD,Eric Owens PhD,"325 Amanda Cliffs Apt. 695
South Paulabury, MS 29996",Stavern,51658,Norway
71,Robin Lopez,Robin Lopez,"PSC 3769, Box 1448
APO AA 71586",Boise,89339,USA
72,Miss Angela Swanson DVM,Miss Angela Swanson DVM,"40956 Amanda Walk Apt. 260
Simonfurt, CT 93980",London,25094,UK
73,Michael Stewart,Michael Stewart,"25762 Gill Creek Suite 525
Mccoyton, KS 23687",København,54433,Denmark
74,Mitchell Smith,Mitchell Smith,"6048 Johnson Loop Suite 635
East Daniel, GA 04593",Paris,65525,France
75,Kelsey Davis,Kelsey Davis,"1168 Gary Fords Apt. 308
Port Trevor, RI 96954",Lander,25673,USA
76,Matthew Russo,Matthew Russo,"164 Matthew Parkway Suite 826
Jimmyfurt, MS 62271",Charleroi,22457,Belgium
77,William Garcia,William Garcia,"1220 Heidi Rue Apt. 998
West Haleyburgh, CO 05222",Portland,51736,USA
78,Jennifer Miller,Jennifer Miller,"751 Wood Square Suite 732
Port Melissaburgh, SD 22365",Butte,06678,USA
79,Jesse Sparks,Jesse Sparks,"376 Smith Dale Suite 279
South Sarahland, OR 53609",Münster,44929,Germany
80,Brandi Meyer,Brandi Meyer,"79148 Pierce Lock Suite 423
Erikberg, CA 09478",México D.F.,89903,Mexico
81,Hannah Wiggins,Hannah Wiggins,"147 Lisa Hill Apt. 512
Port Elizabethshire, ID 01425",São Paulo,68777,Brazil
82,Albert Williams,Albert Williams,"971 Hansen Well Suite 103
South Mary, KY 29941",Kirkland,25095,USA
83,Kristin Potts,Kristin Potts,"511 Berry Fork Suite 623
Sharonfort, WY 47577",Århus,95387,Denmark
84,Susan Williams,Susan Williams,"65873 Chen Knolls
Ramirezfurt, WI 94134",Lyon,43499,France
85,Meredith Rios,Meredith Rios,"Unit 1741 Box 7253
DPO AP 25003",Reims,24513,France
86,Stephanie Bowman,Stephanie Bowman,"USNV Porter
FPO AE 89774",Stuttgart,68554,Germany
87,Joshua Clark,Joshua Clark,"8799 Emma Parkway Suite 735
North Thomasfurt, IN 57039",Oulu,71643,Finland
88,Alexa Hernandez,Alexa Hernandez,"Unit 9061 Box 4352
DPO AE 24201",Resende,93899,Brazil
89,Richard Higgins,Richard Higgins,"30068 David View Apt. 173
New Peggychester, ND 23718",Seattle,78421,USA
90,Marc Williams,Marc Williams,"PSC 3667, Box 0636
APO AE 81210",Helsinki,76875,Finland
91,William Roberts,William Roberts,"USS Aguilar
FPO AP 48665",Walla,57391,Poland
92,Joshua Carter,Joshua Carter,"298 Johnathan Cove Apt. 402
South Jamie, MD 26932",Stavanger,20443,Norway
