col0,col1,col2,col3,col4,col5,col6,col7,col8,col9,col10,col11,col12,col13
13001,10001,Norma Fisher,Norma Fisher,OKlein,P@ssword,WA,jaredmatthews@gmail.com,13001,Norma Fisher,9,Active,4/2/2000,2019
13002,10001,Jorge Sullivan,Jorge Sullivan,BMcMillan,P@ssword,WA,josephmorgan@higgins-morgan.org,13002,Jorge Sullivan,10,Active,11/12/1999,2018
13003,10001,Elizabeth Woods,Elizabeth Woods,FStark,P@ssword,WA,nelsonedward@roberts.com,13003,Elizabeth Woods,12,Active,12/19/1997,2016
13004,10001,Susan Wagner,Susan Wagner,NGilbertson,P@ssword,WA,dcross@white-mills.com,13004,Susan Wagner,9,Active,6/20/2000,2019
13005,10001,Peter Montgomery,Peter Montgomery,EParker,P@ssword,WA,thouston@yahoo.com,13005,Peter Montgomery,11,Active,5/17/1998,2017
13006,10001,Theodore Mcgrath,Theodore Mcgrath,SSantana,P@ssword,WA,hoffmantimothy@randall-cherry.com,13006,Theodore Mcgrath,10,Active,8/22/1999,2018
13007,10001,Stephanie Collins,Stephanie Collins,RLees,P@ssword,WA,fwilson@johnson-rogers.com,13012,Stephanie Collins,9,Active,5/11/1998,2019
13008,10001,Stephanie Sutton,Stephanie Sutton,LPratt,P@ssword,WA,odrake@jones.com,13013,Stephanie Sutton,11,Active,8/13/1999,2016
13009,10001,Brian Hamilton,Brian Hamilton,MThomas,P@ssword,WA,cruzcorey@stone.org,13014,Brian Hamilton,10,Active,7/6/2000,2017
13010,10001,Susan Levy,Susan Levy,PBarlow,P@ssword,WA,omiller@richards-jackson.com,13015,Susan Levy,9,Active,3/19/1997,2019
13011,10001,Sean Green,Sean Green,PHampton,P@ssword,WA,brownmichelle@hotmail.com,13016,Sean Green,12,Active,4/10/1998,2017
13012,10001,Kimberly Smith,Kimberly Smith,DMatheson,P@ssword,WA,mgoodwin@crawford.com,13017,Kimberly Smith,10,Active,5/17/1999,2017
13013,10001,Jennifer Summers,Jennifer Summers,CMcCray,P@ssword,WA,cindygarcia@gray-payne.com,13018,Jennifer Summers,9,Active,2/17/2001,2020
13014,10001,April Snyder,April Snyder,Rcottle,P@ssword,WA,zhernandez@frazier.com,13019,April Snyder,10,Active,8/9/2000,2019
13015,10001,Dana Nguyen,Dana Nguyen,Fmarkley,P@ssword,WA,mreid@hotmail.com,13020,Dana Nguyen,11,Active,6/17/1999,2018
13016,10001,Cheryl Bradley,Cheryl Bradley,Jbartels,P@ssword,WA,petersonsydney@meyers-johnson.com,13021,Cheryl Bradley,9,Active,3/19/2001,2020
13017,10001,Walter Pratt,Walter Pratt,Mparsons,P@ssword,WA,meganaguilar@hotmail.com,13022,Walter Pratt,10,Active,3/10/2000,2019
13018,10001,Bobby Flores,Bobby Flores,Eballard,P@ssword,WA,marshzachary@gmail.com,13023,Bobby Flores,12,Active,4/3/1998,2017
13019,10001,Tasha Rodriguez,Tasha Rodriguez,Wbevins,P@ssword,WA,davidturner@rivera-martin.com,13024,Tasha Rodriguez,9,Active,4/13/2001,2020
13020,10001,Michelle Kelley,Michelle Kelley,Rcazares,P@ssword,WA,william88@gmail.com,13025,Michelle Kelley,10,Active,2/1/2000,2019
13021,10001,Kimberly Maynard,Kimberly Maynard,Dmorrison,P@ssword,WA,burgessrebecca@roberts.biz,13026,Kimberly Maynard,11,Active,8/12/1999,2018
13022,10001,Laurie Wallace,Laurie Wallace,Wbisson,P@ssword,WA,olawson@gmail.com,13027,Laurie Wallace,9,Active,3/6/2001,2020
13023,10001,Janice Johnston,Janice Johnston,Cclayton,P@ssword,WA,kevinhudson@jones-heath.com,13028,Janice Johnston,10,Active,7/2/2000,2019
13024,10001,Collin Lopez,Collin Lopez,Acraig,P@ssword,WA,dpatrick@gmail.com,13029,Collin Lopez,11,Active,6/2/1999,2018
13025,10001,Mary Alvarez,Mary Alvarez,Erome,P@ssword,WA,justingreer@mcmahon.biz,13030,Mary Alvarez,9,Active,7/6/2001,2020
13026,10001,Peter Mcdowell,Peter Mcdowell,Msargent,P@ssword,WA,mwu@miller.com,13031,Peter Mcdowell,10,Active,9/19/2000,2019
13027,10001,Sarah Villanueva,Sarah Villanueva,Gangulo,P@ssword,WA,carrpaul@gmail.com,13032,Sarah Villanueva,9,Active,3/27/1997,2019
13028,10001,Kimberly Myers,Kimberly Myers,Dbentley,P@ssword,WA,bosborne@george.com,13033,Kimberly Myers,11,Active,4/15/1998,2017
13029,10001,Desiree Cain,Desiree Cain,Dmontgomery,P@ssword,WA,james71@bishop.org,13034,Desiree Cain,10,Active,5/7/1999,2017
13030,10001,Stephanie Lawrence,Stephanie Lawrence,Bnolan,P@ssword,WA,montesjennifer@yahoo.com,13035,Stephanie Lawrence,9,Active,2/27/2001,2020
13031,10001,Lauren Hayes,Lauren Hayes,Sfoltz,P@ssword,WA,vlloyd@lucero.com,13036,Lauren Hayes,12,Active,8/29/2000,2019
13032,10001,Whitney Stark,Whitney Stark,Waguirre,P@ssword,WA,wwallace@gibson.com,13037,Whitney Stark,10,Active,6/16/1999,2018
13033,10001,Angela Salazar,Angela Salazar,Fdownes,P@ssword,WA,tuckerrachel@estrada.com,13038,Angela Salazar,9,Active,3/13/2001,2020
13034,10001,Mr. Ryan Sanchez,Mr. Ryan Sanchez,Nroger,P@ssword,WA,sonia26@hotmail.com,13039,Mr. Ryan Sanchez,12,Active,3/11/2000,2019
13035,10001,Autumn Robinson,Autumn Robinson,Tbaxley,P@ssword,WA,wallsrobert@gmail.com,13040,Autumn Robinson,10,Active,4/22/1998,2017
13036,10001,Faith Cabrera,Faith Cabrera,FFiore,P@ssword,WA,jessicajohnson@yahoo.com,13041,Faith Cabrera,9,Active,4/2/2000,2020
13037,10001,Charles Wolfe,Charles Wolfe,NMendoza,P@ssword,WA,ujohnson@hotmail.com,13042,Charles Wolfe,10,Active,11/12/1999,2019
13038,10001,Kenneth Kent,Kenneth Kent,LBriley,P@ssword,WA,gomezdavid@hotmail.com,13043,Kenneth Kent,12,Active,12/19/1997,2017
13039,10001,Melanie Johnson,Melanie Johnson,NLunn,P@ssword,WA,michael03@jones-barry.com,13044,Melanie Johnson,9,Active,6/20/2000,2020
13040,10001,Lisa Johnston,Lisa Johnston,FObryan,P@ssword,WA,donnadennis@adkins.com,13045,Lisa Johnston,11,Active,5/17/1998,2018
13041,10001,Jacob Hooper,Jacob Hooper,BMontenegro,P@ssword,WA,michelelopez@woods.com,13046,Jacob Hooper,10,Active,8/22/1999,2019
13042,10001,Alex Woodward,Alex Woodward,BDulaney,P@ssword,WA,levymichael@woodward-phillips.net,13047,Alex Woodward,9,Active,7/27/2000,2020
13043,10001,Caleb Clark,Caleb Clark,DWord,P@ssword,WA,brittanymiller@hotmail.com,13048,Caleb Clark,12,Active,3/25/1997,2017
13044,10001,Taylor Johnson,Taylor Johnson,CWhiteman,P@ssword,WA,nicholasthomas@gmail.com,13049,Taylor Johnson,11,Active,4/29/1998,2018
13045,10001,Brian Green,Brian Green,RIngram,P@ssword,WA,william32@watson-alvarado.com,13050,Brian Green,9,Active,6/5/2000,2020
13046,10001,Matthew Bell,Matthew Bell,AMiranda,P@ssword,WA,emiller@fisher.biz,13051,Matthew Bell,10,Active,10/13/1999,2019
13047,10001,Jonathan Williams,Jonathan Williams,JNoel,P@ssword,WA,wevans@wright.com,13052,Jonathan Williams,9,Active,5/11/1998,2020
13048,10001,William Gonzalez,William Gonzalez,DSmall,P@ssword,WA,aortiz@valenzuela.info,13053,William Gonzalez,11,Active,8/13/1999,2018
13049,10001,Nicholas Massey,Nicholas Massey,ETheriault,P@ssword,WA,laurahill@jacobs.biz,13054,Nicholas Massey,10,Active,7/6/2000,2019
13050,10001,Caroline Chambers,Caroline Chambers,Emosley,P@ssword,WA,preynolds@peterson-mills.com,13055,Caroline Chambers,9,Active,3/19/1997,2020
13051,10001,Amy Lowe,Amy Lowe,JPetty,P@ssword,WA,webbjames@gmail.com,13056,Amy Lowe,12,Active,4/10/1998,2017
13052,10001,Gloria King,Gloria King,BSaul,P@ssword,WA,tsmith@gmail.com,13057,Gloria King,10,Active,5/17/1999,2019
13053,10001,Jessica Thompson,Jessica Thompson,JHardy,P@ssword,WA,rogerpotter@gmail.com,13058,Jessica Thompson,9,Active,2/17/2001,2020
13054,10001,Jason Carroll,Jason Carroll,BVanover,P@ssword,WA,amysullivan@hotmail.com,13059,Jason Carroll,10,Active,8/9/2000,2019
13055,10001,Emily Howard,Emily Howard,HBadillo,P@ssword,WA,nelsonelizabeth@scott.org,13060,Emily Howard,11,Active,6/17/1999,2018
13056,10001,Danielle Castro,Danielle Castro,JBevins,P@ssword,WA,qgarcia@yahoo.com,13061,Danielle Castro,9,Active,3/19/2001,2020
13057,10001,Patrick Rogers,Patrick Rogers,BTyson,P@ssword,WA,caitlinjohnson@yahoo.com,13062,Patrick Rogers,10,Active,3/10/2000,2019
13058,10001,Douglas Allen,Douglas Allen,SAbbott,P@ssword,WA,david32@gmail.com,13063,Douglas Allen,12,Active,4/3/1998,2017
13059,10001,Heather Roberts,Heather Roberts,CLauer,P@ssword,WA,justin29@hotmail.com,13064,Heather Roberts,9,Active,4/13/2001,2020
13060,10001,Travis Schultz,Travis Schultz,KKaufman,P@ssword,WA,jenkinscynthia@figueroa-strong.com,13065,Travis Schultz,10,Active,2/1/2000,2019
13061,10002,Michelle Hughes,Michelle Hughes,SWilder,P@ssword,WA,owatson@gmail.com,13066,Michelle Hughes,11,Active,8/12/1999,2018
13062,10002,Matthew Smith,Matthew Smith,AValentine,P@ssword,WA,terrypatrick@mcdonald.info,13067,Matthew Smith,9,Active,3/6/2001,2020
13063,10002,George Allen,George Allen,DWyant,P@ssword,WA,thomasneal@yahoo.com,13068,George Allen,10,Active,7/2/2000,2019
13064,10002,Jamie Hutchinson,Jamie Hutchinson,MMcMillan,P@ssword,WA,wallacedouglas@yahoo.com,13069,Jamie Hutchinson,11,Active,6/2/1999,2018
13065,10002,Jennifer Morales,Jennifer Morales,MRunyan,P@ssword,WA,anthonyruiz@mathis.com,13070,Jennifer Morales,9,Active,7/6/2001,2020
13066,10002,Jennifer Bates,Jennifer Bates,LGrimes,P@ssword,WA,warddarren@gmail.com,13071,Jennifer Bates,10,Active,9/19/2000,2019
13067,10002,Jeremy Green,Jeremy Green,MAlford,P@ssword,WA,jessica32@hotmail.com,13072,Jeremy Green,9,Active,3/27/1997,2020
13068,10002,Joseph Freeman,Joseph Freeman,AOchoa,P@ssword,WA,danielmurray@yahoo.com,13073,Joseph Freeman,11,Active,4/15/1998,2018
13069,10002,Nicole Henson,Nicole Henson,LNavarro,P@ssword,WA,markwong@hotmail.com,13074,Nicole Henson,10,Active,5/7/1999,2019
13070,10002,Eric Owens PhD,Eric Owens PhD,JOchoa,P@ssword,WA,sethfletcher@hotmail.com,13075,Eric Owens PhD,9,Active,2/27/2001,2020
13071,10002,Robin Lopez,Robin Lopez,JSteele,P@ssword,WA,jasonlopez@yahoo.com,13076,Robin Lopez,12,Active,8/29/2000,2017
13072,10002,Miss Angela Swanson DVM,Miss Angela Swanson DVM,KDale,P@ssword,WA,yroman@hotmail.com,13077,Miss Angela Swanson DVM,10,Active,6/16/1999,2019
13073,10002,Michael Stewart,Michael Stewart,IMeyers,P@ssword,WA,scottharris@williams.com,13078,Michael Stewart,9,Active,3/13/2001,2020
13074,10002,Mitchell Smith,Mitchell Smith,VDoucette,P@ssword,WA,brian23@evans.com,13079,Mitchell Smith,12,Active,3/11/2000,2017
13075,10002,Kelsey Davis,Kelsey Davis,NChase,P@ssword,WA,oellis@hotmail.com,13080,Kelsey Davis,10,Active,4/22/1998,2019
13076,10002,Matthew Russo,Matthew Russo,DFlemming,P@ssword,WA,thenry@yahoo.com,13081,Matthew Russo,9,Active,4/2/2000,2020
13077,10002,William Garcia,William Garcia,WCarson,P@ssword,WA,joseph00@bailey.com,13082,William Garcia,10,Active,11/12/1999,2019
13078,10002,Jennifer Miller,Jennifer Miller,IValentine,P@ssword,WA,buchananerin@sanders.com,13083,Jennifer Miller,12,Active,12/19/1997,2017
13079,10002,Jesse Sparks,Jesse Sparks,AWooley,P@ssword,WA,nortonmarcus@barry-scott.net,13084,Jesse Sparks,9,Active,6/20/2000,2020
13080,10002,Brandi Meyer,Brandi Meyer,LStokes,P@ssword,WA,miguelclark@reed.com,13085,Brandi Meyer,11,Active,5/17/1998,2018
13081,10002,Hannah Wiggins,Hannah Wiggins,ACrumpton,P@ssword,WA,wscott@hotmail.com,13086,Hannah Wiggins,10,Active,8/22/1999,2019
13082,10002,Albert Williams,Albert Williams,BOrr,P@ssword,WA,torresandrea@murray.info,13087,Albert Williams,9,Active,7/27/2000,2020
13083,10002,Kristin Potts,Kristin Potts,DHawkins,P@ssword,WA,dwerner@wilson-miller.com,13088,Kristin Potts,12,Active,3/25/1997,2017
13084,10002,Susan Williams,Susan Williams,DMcCullough,P@ssword,WA,nhenson@salazar-meyers.net,13089,Susan Williams,11,Active,4/29/1998,2018
13085,10002,Meredith Rios,Meredith Rios,GCole,P@ssword,WA,haleyjohn@gmail.com,13090,Meredith Rios,9,Active,6/5/2000,2020
13086,10002,Stephanie Bowman,Stephanie Bowman,RSkeen,P@ssword,WA,sarah56@hawkins.org,13091,Stephanie Bowman,10,Active,10/13/1999,2019
