col0,col1,col2,col3,col4,col5,col6,col7,col8,col9
1,seangreen@griffin.net,Norma Fisher,Norma Fisher,South Ahmed,Louisiana,"81206 Stewart Forest Apt. 089
East Davidborough, ME 37198",74554,1-472-912-8225,2389
2,simpsonlarry@williams-carson.biz,Jorge Sullivan,Jorge Sullivan,Kennaport,Virginia,"76104 Marsh Crescent
Dennishaven, SD 85034",75988,,2407
3,monroedavid@morales.biz,Elizabeth Woods,Elizabeth Woods,Jazmyneland,Ohio,"0003 Grant Lakes
Port Karafort, SD 60619",75873-2063,1-286-315-2711x0062,2357
4,lewisjennifer@gmail.com,Susan Wagner,Susan Wagner,Lake Jazmyne,Indiana,"236 Smith Drive Suite 555
West Kimberlyton, KY 21978",25128,494.333.5852x099,2375
5,davidbanks@ramirez-good.com,Peter Montgomery,Peter Montgomery,Christineport,SouthDakota,"6824 Timothy Garden Apt. 428
West Richardmouth, MT 14742",37104-1259,,2407
6,bburton@yahoo.com,Theodore Mcgrath,Theodore Mcgrath,Lake Ashleigh,Texas,"5517 Holly Meadow Apt. 452
Lake Anne, SC 11894",83188-0037,,2363
7,callahandennis@hotmail.com,Stephanie Collins,Stephanie Collins,North Rickview,Massachusetts,"30601 Hawkins Highway
Morashire, TX 28976",37613,,2376
8,wigginsjoshua@gmail.com,Stephanie Sutton,Stephanie Sutton,Lilianeside,Idaho,"49263 Wilson View Apt. 873
South Raymondborough, AZ 28798",91717-5098,,2383
9,harrisjordan@potts-mays.com,Brian Hamilton,Brian Hamilton,West Sheila,Louisiana,"76582 Vanessa Oval
New Richard, NE 68819",63990,(312)654-0935,2369
10,xbowman@hotmail.com,Susan Levy,Susan Levy,Lake Gust,Maryland,"7389 Alec Squares Suite 508
Port Jonathan, FL 50177",41396-3390,,2370
11,nicholascarter@hernandez.com,Sean Green,Sean Green,New Keith,Alabama,"18013 Billy Bridge Suite 522
Schmitthaven, NC 66355",28655,,2404
12,morganchristine@gmail.com,Kimberly Smith,Kimberly Smith,South Jasper,Louisiana,"891 Bullock Ford
Amandachester, NJ 51431",57083,(278)266-1491x9484,2411
13,edwardsilva@yahoo.com,Jennifer Summers,Jennifer Summers,Halvorsonburgh,Kansas,"02489 Cook Park
Sherriport, MT 50853",47957,,2364
14,kellywoods@gmail.com,April Snyder,April Snyder,Lake Esteban,Illinois,"23450 Timothy Divide
Wuland, UT 20341",36729,,2408
15,hayden81@powell-murphy.biz,Dana Nguyen,Dana Nguyen,East Calefurt,Florida,"0976 Williams Mountains Apt. 009
Lake Mario, OH 85565",70430-2606,1-360-533-2897,2366
16,hoffmantimothy@randall-cherry.com,Cheryl Bradley,Cheryl Bradley,Haleyton,Louisiana,"1097 Santos Springs Suite 264
New Michelleborough, WY 51884",67379,,2406
17,fwilson@johnson-rogers.com,Walter Pratt,Walter Pratt,Hansenport,Alabama,"5100 Scott Burg
East Clayton, SC 66353",12069-9887,,2356
18,odrake@jones.com,Bobby Flores,Bobby Flores,Jackshire,Indiana,"412 Snow Manors Apt. 161
South Kimtown, NV 57004",91131-0287,+83(2)7380407418,2383
19,cruzcorey@stone.org,Tasha Rodriguez,Tasha Rodriguez,Dominicbury,Kentucky,"5415 David Square
West Michaeltown, IN 48447",19917-4587,,2402
20,omiller@richards-jackson.com,Michelle Kelley,Michelle Kelley,South Frederic,Arizona,"03104 Norris Rapids
Port Donald, DE 62982",8057,(419)755-1788,2393
21,brownmichelle@hotmail.com,Kimberly Maynard,Kimberly Maynard,Lake Alexandro,Washington,"03557 Phillips Wells Suite 291
New Beverlyburgh, FL 16915",79568-5102,,2372
22,mgoodwin@crawford.com,Laurie Wallace,Laurie Wallace,Jazmynport,NewHampshire,"332 Watson Shore Apt. 290
Millerland, MT 39742",48083-7260,,2388
23,cindygarcia@gray-payne.com,Janice Johnston,Janice Johnston,Hilpertland,SouthCarolina,"645 John Roads
Danahaven, MS 54060",43447-0142,(643)851-1371x475,2375
24,zhernandez@frazier.com,Collin Lopez,Collin Lopez,Cruickshankfort,Hawaii,"3547 Stephanie Underpass Apt. 418
Port Jacqueline, HI 55774",31767-3771,,2380
25,mreid@hotmail.com,Mary Alvarez,Mary Alvarez,East Carmellamouth,District of Columbia,"5825 Welch Corners
Fischerport, UT 59363",41125-8071,7972867015,2405
26,petersonsydney@meyers-johnson.com,Peter Mcdowell,Peter Mcdowell,North Johanna,Vermont,"41489 Roger Terrace
Davisfort, IN 71770",78062,,2353
27,meganaguilar@hotmail.com,Sarah Villanueva,Sarah Villanueva,South Lelamouth,Kansas,"014 Aaron Locks Suite 714
Justinborough, CO 05147",43058-2167,,2410
28,marshzachary@gmail.com,Kimberly Myers,Kimberly Myers,Lake Russhaven,NorthCarolina,"8518 Pamela Track Apt. 164
Aprilshire, SC 28062",51320,184.998.5488x948,2369
29,davidturner@rivera-martin.com,Desiree Cain,Desiree Cain,South Nick,Colorado,"864 Ramos Port Apt. 211
Moralesmouth, OH 88090",27269,,2405
30,william88@gmail.com,Stephanie Lawrence,Stephanie Lawrence,Trentonbury,Michigan,"637 Neal Island Suite 074
Lake Tyler, RI 28775",76778-9822,,2348
31,burgessrebecca@roberts.biz,Lauren Hayes,Lauren Hayes,North Tyshawnberg,Alaska,"0811 Smith Canyon Apt. 904
Jessicabury, WV 75585",91936-8714,,2369
32,olawson@gmail.com,Whitney Stark,Whitney Stark,Cliffordchester,SouthCarolina,"7562 Fisher Spur
Hernandezberg, MD 17438",13680,,2363
33,kevinhudson@jones-heath.com,Angela Salazar,Angela Salazar,Uptonmouth,Maryland,"5667 Blair Underpass
South Shelby, VT 07027",22444-4511,1-723-601-1303,2400
34,dpatrick@gmail.com,Mr. Ryan Sanchez,Mr. Ryan Sanchez,North Madilynport,NewJersey,"PSC 0312, Box 5023
APO AP 39498",32375-2924,,2385
35,justingreer@mcmahon.biz,Autumn Robinson,Autumn Robinson,West Ardithborough,Nebraska,"6708 Carpenter Overpass Suite 735
Bobbyton, MI 01008",38134,(018)669-6538x375,2411
36,mwu@miller.com,Faith Cabrera,Faith Cabrera,Pearlineborough,Washington,"16396 Shawn Junction
New Nicolemouth, ND 60236",30500,,2390
37,carrpaul@gmail.com,Charles Wolfe,Charles Wolfe,West Isidro,NorthDakota,"PSC 4080, Box 3513
APO AP 45818",1052,,2406
38,bosborne@george.com,Kenneth Kent,Kenneth Kent,New Oletamouth,Arkansas,"4486 Olson Well
North Kevin, CA 01707",46306-3125,1-059-799-6913x68892,2399
39,james71@bishop.org,Melanie Johnson,Melanie Johnson,Port Jaime,Louisiana,"67771 Christopher Courts Apt. 637
Port Ronaldfurt, HI 33233",69829-5103,(487)321-8748,2391
40,montesjennifer@yahoo.com,Lisa Johnston,Lisa Johnston,Gutmannbury,Washington,"5561 Bishop Turnpike
Lake Kenneth, NY 79756",73897-7295,,2397
41,vlloyd@lucero.com,Jacob Hooper,Jacob Hooper,Champlinfurt,Colorado,"3019 Gerald Mall Apt. 340
Trevinoville, SD 36216",46148-2213,,2371
42,wwallace@gibson.com,Alex Woodward,Alex Woodward,Leeville,NorthCarolina,"84331 Leonard Fort Suite 749
East Lisa, NY 43477",53169-8274,7680703213,2388
43,tuckerrachel@estrada.com,Caleb Clark,Caleb Clark,Heathcoteburgh,Connecticut,"62281 Kathy Tunnel
Hudsonborough, VA 17819",37518-5206,188.823.6919,2362
44,sonia26@hotmail.com,Taylor Johnson,Taylor Johnson,North Sanfordtown,Minnesota,"9927 Christina Burg Suite 774
East Angelaburgh, NM 97149",3810,079-886-6971,2361
45,wallsrobert@gmail.com,Brian Green,Brian Green,East Jude,Louisiana,"142 Warner View Suite 460
North Leslie, IA 45480",51873-6043,,2373
46,jessicajohnson@yahoo.com,Matthew Bell,Matthew Bell,New Adrien,NewHampshire,"5240 Berry Centers
West Andrew, AR 03720",75319-8504,631.205.4027x75798,2372
47,ujohnson@hotmail.com,Jonathan Williams,Jonathan Williams,Jacobsside,Ohio,"51056 Patricia Forge
Grahamstad, HI 85576",4121,+18(2)3969789328,2347
48,gomezdavid@hotmail.com,William Gonzalez,William Gonzalez,Port Addisonshire,Texas,"0648 Malone Port Apt. 662
New Devonhaven, VA 92199",41342,+36(3)5411985058,2391
49,michael03@jones-barry.com,Nicholas Massey,Nicholas Massey,South Clairshire,Maine,"23028 Jennifer Meadow Apt. 972
West Matthewfurt, SC 05261",12439-5599,(431)313-4055,2383
50,donnadennis@adkins.com,Caroline Chambers,Caroline Chambers,North Lorenamouth,NorthCarolina,"2738 Martin Terrace Suite 547
Smithhaven, LA 72649",66433-8000,,2383
51,michelelopez@woods.com,Amy Lowe,Amy Lowe,Lake Jadynfort,Connecticut,"984 Stephen Stravenue
South Michaelton, KY 97488",32178-1194,3282330868,2400
52,levymichael@woodward-phillips.net,Gloria King,Gloria King,East Caitlynborough,District of Columbia,"Unit 4943 Box 8856
DPO AA 27891",45704-1043,1-868-993-8475x1942,2384
53,brittanymiller@hotmail.com,Jessica Thompson,Jessica Thompson,Lednerside,Maryland,"98522 Mathis Viaduct Apt. 909
West Michael, LA 42837",91724,(640)957-8335,2356
54,nicholasthomas@gmail.com,Jason Carroll,Jason Carroll,Lake Malvinaport,Mississippi,"620 Ashley Mills Apt. 507
Julieborough, OH 56059",7497,,2373
55,william32@watson-alvarado.com,Emily Howard,Emily Howard,North Griffinside,Massachusetts,"212 Shelly Roads
Fischerview, LA 02288",69357,,2365
56,emiller@fisher.biz,Danielle Castro,Danielle Castro,Randallberg,Idaho,"8885 Lee Tunnel Suite 208
Port Donna, OK 50851",30554,1-380-315-9328,2399
57,wevans@wright.com,Patrick Rogers,Patrick Rogers,Lindgrenside,Tennessee,"693 Michael Estate
Lake Michael, NM 03009",77291,1-344-365-0775,2410
58,aortiz@valenzuela.info,Douglas Allen,Douglas Allen,Sauertown,Missouri,"342 Miller Mission
Lake Jennifer, NY 92905",22810,9372748730,2394
59,laurahill@jacobs.biz,Heather Roberts,Heather Roberts,Mrazmouth,Texas,"71664 Kim Throughway
Chelsealand, AK 65056",00494-9312,,2384
60,preynolds@peterson-mills.com,Travis Schultz,Travis Schultz,Rodriguezburgh,SouthDakota,"66660 Gomez Port Apt. 945
South Thomashaven, AZ 11181",76145,966.691.1803x37503,2350
61,webbjames@gmail.com,Michelle Hughes,Michelle Hughes,Lake Francesca,Mississippi,"0131 Williams Ville Apt. 562
Richardberg, FL 53480",4440,1-201-481-5274x201,2370
62,tsmith@gmail.com,Matthew Smith,Matthew Smith,Abigalehaven,Georgia,"22708 Madison Spurs
Herringstad, OR 11353",51655,(942)303-7363x24132,2406
63,rogerpotter@gmail.com,George Allen,George Allen,Keelingmouth,Wyoming,"3454 Holmes Motorway
Port Rachel, FL 05560",58865,(197)729-2693x084,2378
64,amysullivan@hotmail.com,Jamie Hutchinson,Jamie Hutchinson,Damienview,Wyoming,"805 James Turnpike
Carrmouth, GA 93500",73138,,2401
65,nelsonelizabeth@scott.org,Jennifer Morales,Jennifer Morales,North Quinten,Oregon,"8081 Smith Trail
North Ronaldstad, NV 44515",59707,,2349
66,qgarcia@yahoo.com,Jennifer Bates,Jennifer Bates,East Hosea,NewJersey,"125 Ian Crossroad Apt. 593
South Deannaport, MS 07347",65868-4070,,2410
67,caitlinjohnson@yahoo.com,Jeremy Green,Jeremy Green,Hirthefurt,Pennsylvania,"1607 Munoz River
Emilyshire, NH 54532",34956,,2353
68,david32@gmail.com,Joseph Freeman,Joseph Freeman,New Hilario,WestVirginia,"3615 David Keys Apt. 269
West Stephenside, UT 65516",33354,,2373
69,justin29@hotmail.com,Nicole Henson,Nicole Henson,Bereniceberg,Delaware,"640 Mary Common
Michaelville, AZ 20721",75859-7151,(884)208-9153x236,2356
70,jenkinscynthia@figueroa-strong.com,Eric Owens PhD,Eric Owens PhD,Cassinberg,NewMexico,"PSC 4006, Box 5282
APO AE 23388",10738,,2403
