col0,col1,col2,col3,col4
1,Norma Fisher,Norma Fisher,"Unit 1113 Box 3060
DPO AE 52118",283-967-6369
2,Jorge Sullivan,Jorge Sullivan,"7936 Micheal Green Apt. 635
North Lynntown, NC 59694",423-652-7747
3,Elizabeth Woods,Elizabeth Woods,"76430 Cindy Cove
South Nicholas, FL 14230",867-248-1940
4,Susan Wagner,Susan Wagner,"Unit 7296 Box 6875
DPO AA 65859",857-162-2824
5,Peter Montgomery,Peter Montgomery,"930 Thornton Summit
Lisaton, FL 34171",870-941-0387
6,Theodore Mcgrath,Theodore Mcgrath,"9471 Zachary Canyon
East Davidport, WV 59298",734-271-5791
7,Stephanie Collins,Stephanie Collins,"75868 Audrey Springs
Lake Ronaldborough, ND 78962",202-814-2284
8,Stephanie Sutton,Stephanie Sutton,"9930 Joy Hollow Suite 517
Sherriport, MT 50853",713-327-9938
9,Brian Hamilton,Brian Hamilton,"23450 Timothy Divide
Wuland, UT 20341",587-781-9205
10,Susan Levy,Susan Levy,"0976 Williams Mountains Apt. 009
Lake Mario, OH 85565",129-555-5459
11,Sean Green,Sean Green,"1097 Santos Springs Suite 264
New Michelleborough, WY 51884",991-202-0438
12,Kimberly Smith,Kimberly Smith,"5100 Scott Burg
East Clayton, SC 66353",870-686-1561
13,Jennifer Summers,Jennifer Summers,"412 Snow Manors Apt. 161
South Kimtown, NV 57004",726-304-6656
14,April Snyder,April Snyder,"5415 David Square
West Michaeltown, IN 48447",461-355-8188
15,Dana Nguyen,Dana Nguyen,"03104 Norris Rapids
Port Donald, DE 62982",964-223-5289
16,Cheryl Bradley,Cheryl Bradley,"03557 Phillips Wells Suite 291
New Beverlyburgh, FL 16915",344-495-5082
17,Walter Pratt,Walter Pratt,"332 Watson Shore Apt. 290
Millerland, MT 39742",414-481-7083
18,Bobby Flores,Bobby Flores,"645 John Roads
Danahaven, MS 54060",251-905-7903
19,Tasha Rodriguez,Tasha Rodriguez,"3547 Stephanie Underpass Apt. 418
Port Jacqueline, HI 55774",521-313-7706
20,Michelle Kelley,Michelle Kelley,"5825 Welch Corners
Fischerport, UT 59363",219-320-4602
21,Kimberly Maynard,Kimberly Maynard,"41489 Roger Terrace
Davisfort, IN 71770",159-903-7949
22,Laurie Wallace,Laurie Wallace,"014 Aaron Locks Suite 714
Justinborough, CO 05147",964-984-3069
23,Janice Johnston,Janice Johnston,"8518 Pamela Track Apt. 164
Aprilshire, SC 28062",750-638-7610
24,Collin Lopez,Collin Lopez,"864 Ramos Port Apt. 211
Moralesmouth, OH 88090",886-843-8954
25,Mary Alvarez,Mary Alvarez,"637 Neal Island Suite 074
Lake Tyler, RI 28775",993-663-7787
26,Peter Mcdowell,Peter Mcdowell,"0811 Smith Canyon Apt. 904
Jessicabury, WV 75585",901-459-1604
27,Sarah Villanueva,Sarah Villanueva,"7562 Fisher Spur
Hernandezberg, MD 17438",695-458-2282
28,Kimberly Myers,Kimberly Myers,"5667 Blair Underpass
South Shelby, VT 07027",948-833-7710
29,Desiree Cain,Desiree Cain,"PSC 0312, Box 5023
APO AP 39498",350-467-6851
30,Stephanie Lawrence,Stephanie Lawrence,"6708 Carpenter Overpass Suite 735
Bobbyton, MI 01008",515-415-2778
31,Lauren Hayes,Lauren Hayes,"16396 Shawn Junction
New Nicolemouth, ND 60236",943-227-2829
32,Whitney Stark,Whitney Stark,"PSC 4080, Box 3513
APO AP 45818",709-729-1952
33,Angela Salazar,Angela Salazar,"4486 Olson Well
North Kevin, CA 01707",595-655-7689
34,Mr. Ryan Sanchez,Mr. Ryan Sanchez,"67771 Christopher Courts Apt. 637
Port Ronaldfurt, HI 33233",517-448-1107
35,Autumn Robinson,Autumn Robinson,"5561 Bishop Turnpike
Lake Kenneth, NY 79756",703-586-5562
36,Faith Cabrera,Faith Cabrera,"3019 Gerald Mall Apt. 340
Trevinoville, SD 36216",738-820-7320
37,Charles Wolfe,Charles Wolfe,"84331 Leonard Fort Suite 749
East Lisa, NY 43477",299-719-4144
38,Kenneth Kent,Kenneth Kent,"62281 Kathy Tunnel
Hudsonborough, VA 17819",130-638-6315
39,Melanie Johnson,Melanie Johnson,"9927 Christina Burg Suite 774
East Angelaburgh, NM 97149",570-773-5165
40,Lisa Johnston,Lisa Johnston,"142 Warner View Suite 460
North Leslie, IA 45480",147-455-0398
41,Jacob Hooper,Jacob Hooper,"5240 Berry Centers
West Andrew, AR 03720",578-665-1842
42,Alex Woodward,Alex Woodward,"51056 Patricia Forge
Grahamstad, HI 85576",204-473-2130
43,Caleb Clark,Caleb Clark,"0648 Malone Port Apt. 662
New Devonhaven, VA 92199",733-174-7888
44,Taylor Johnson,Taylor Johnson,"23028 Jennifer Meadow Apt. 972
West Matthewfurt, SC 05261",401-598-3029
45,Brian Green,Brian Green,"2738 Martin Terrace Suite 547
Smithhaven, LA 72649",203-348-6264
46,Matthew Bell,Matthew Bell,"984 Stephen Stravenue
South Michaelton, KY 97488",456-496-4157
47,Jonathan Williams,Jonathan Williams,"Unit 4943 Box 8856
DPO AA 27891",750-872-7189
48,William Gonzalez,William Gonzalez,"98522 Mathis Viaduct Apt. 909
West Michael, LA 42837",708-852-2471
49,Nicholas Massey,Nicholas Massey,"620 Ashley Mills Apt. 507
Julieborough, OH 56059",686-220-8411
50,Caroline Chambers,Caroline Chambers,"212 Shelly Roads
Fischerview, LA 02288",625-440-2090
51,Amy Lowe,Amy Lowe,"8885 Lee Tunnel Suite 208
Port Donna, OK 50851",551-300-1623
52,Gloria King,Gloria King,"693 Michael Estate
Lake Michael, NM 03009",771-526-0554
53,Jessica Thompson,Jessica Thompson,"342 Miller Mission
Lake Jennifer, NY 92905",298-910-2541
54,Jason Carroll,Jason Carroll,"71664 Kim Throughway
Chelsealand, AK 65056",200-179-1451
55,Emily Howard,Emily Howard,"66660 Gomez Port Apt. 945
South Thomashaven, AZ 11181",668-205-5040
56,Danielle Castro,Danielle Castro,"0131 Williams Ville Apt. 562
Richardberg, FL 53480",965-781-9537
57,Patrick Rogers,Patrick Rogers,"22708 Madison Spurs
Herringstad, OR 11353",407-109-6937
58,Douglas Allen,Douglas Allen,"3454 Holmes Motorway
Port Rachel, FL 05560",222-267-7157
59,Heather Roberts,Heather Roberts,"805 James Turnpike
Carrmouth, GA 93500",808-303-8286
60,Travis Schultz,Travis Schultz,"8081 Smith Trail
North Ronaldstad, NV 44515",283-693-4437
61,Michelle Hughes,Michelle Hughes,"125 Ian Crossroad Apt. 593
South Deannaport, MS 07347",394-911-0027
62,Matthew Smith,Matthew Smith,"1607 Munoz River
Emilyshire, NH 54532",211-668-7284
63,George Allen,George Allen,"3615 David Keys Apt. 269
West Stephenside, UT 65516",957-204-4553
64,Jamie Hutchinson,Jamie Hutchinson,"640 Mary Common
Michaelville, AZ 20721",152-970-1446
65,Jennifer Morales,Jennifer Morales,"PSC 4006, Box 5282
APO AE 23388",585-832-9924
66,Jennifer Bates,Jennifer Bates,"395 Timothy Road
Williamsbury, LA 43567",265-569-7753
67,Jeremy Green,Jeremy Green,"3267 Walter Dam
Cunninghamtown, OR 01239",791-102-8814
68,Joseph Freeman,Joseph Freeman,"00580 Brandon Creek
Port Eric, MS 03966",784-282-5640
69,Nicole Henson,Nicole Henson,"325 Amanda Cliffs Apt. 695
South Paulabury, MS 29996",355-613-4123
70,Eric Owens PhD,Eric Owens PhD,"PSC 3769, Box 1448
APO AA 71586",471-419-1012
71,Robin Lopez,Robin Lopez,"40956 Amanda Walk Apt. 260
Simonfurt, CT 93980",692-585-4824
72,Miss Angela Swanson DVM,Miss Angela Swanson DVM,"25762 Gill Creek Suite 525
Mccoyton, KS 23687",223-628-9515
73,Michael Stewart,Michael Stewart,"6048 Johnson Loop Suite 635
East Daniel, GA 04593",141-893-4800
74,Mitchell Smith,Mitchell Smith,"1168 Gary Fords Apt. 308
Port Trevor, RI 96954",216-254-0447
75,Kelsey Davis,Kelsey Davis,"164 Matthew Parkway Suite 826
Jimmyfurt, MS 62271",359-245-7885
76,Matthew Russo,Matthew Russo,"1220 Heidi Rue Apt. 998
West Haleyburgh, CO 05222",415-191-4862
77,William Garcia,William Garcia,"751 Wood Square Suite 732
Port Melissaburgh, SD 22365",245-942-9449
78,Jennifer Miller,Jennifer Miller,"376 Smith Dale Suite 279
South Sarahland, OR 53609",550-177-1369
79,Jesse Sparks,Jesse Sparks,"79148 Pierce Lock Suite 423
Erikberg, CA 09478",170-791-5292
80,Brandi Meyer,Brandi Meyer,"147 Lisa Hill Apt. 512
Port Elizabethshire, ID 01425",485-786-8014
81,Hannah Wiggins,Hannah Wiggins,"971 Hansen Well Suite 103
South Mary, KY 29941",210-600-9043
82,Albert Williams,Albert Williams,"511 Berry Fork Suite 623
Sharonfort, WY 47577",193-865-2179
83,Kristin Potts,Kristin Potts,"65873 Chen Knolls
Ramirezfurt, WI 94134",315-808-1248
84,Susan Williams,Susan Williams,"Unit 1741 Box 7253
DPO AP 25003",327-887-2709
85,Meredith Rios,Meredith Rios,"USNV Porter
FPO AE 89774",750-852-7613
86,Stephanie Bowman,Stephanie Bowman,"8799 Emma Parkway Suite 735
North Thomasfurt, IN 57039",350-703-5949
87,Joshua Clark,Joshua Clark,"Unit 9061 Box 4352
DPO AE 24201",554-468-4104
88,Alexa Hernandez,Alexa Hernandez,"30068 David View Apt. 173
New Peggychester, ND 23718",881-983-4149
89,Richard Higgins,Richard Higgins,"PSC 3667, Box 0636
APO AE 81210",510-353-4050
90,Marc Williams,Marc Williams,"USS Aguilar
FPO AP 48665",278-230-4581
91,William Roberts,William Roberts,"298 Johnathan Cove Apt. 402
South Jamie, MD 26932",370-604-3406
92,Joshua Carter,Joshua Carter,"171 Harrison Motorway
Davidview, CO 74554",988-706-3827
93,David Williams,David Williams,"3576 Sergio Avenue
Benjaminmouth, NE 32097",442-336-7495
94,Joseph Jones,Joseph Jones,"37457 Tanya Pike Apt. 348
North Ericton, RI 21519",537-629-8206
95,Gary Perry,Gary Perry,"3673 Peter Turnpike Suite 835
New Sandra, PA 76875",483-247-3601
96,Terry Wells,Terry Wells,"939 Johnson Oval Suite 830
North Dennismouth, TX 80451",651-632-8721
97,Vanessa Cooper,Vanessa Cooper,"645 Jennings Estates
Angelastad, NV 51726",682-994-9919
98,Michael Simmons,Michael Simmons,"1231 Stephanie Lock Suite 835
North Richardland, MT 77240",919-732-4246
99,Nicholas Kline,Nicholas Kline,"302 Parker Plains Apt. 197
East Robertstad, CO 98152",818-855-9237
100,Lori Bennett,Lori Bennett,"098 Hernandez Green
New Sergiobury, MS 98277",675-636-7416
