col0,col1,col2,col3,col4,col5,col6,col7
Smith,Collins,"10524 Parker Mall Suite 531
Port Courtneyhaven, TN 76853",smith.collins,COLL@123,org_admin,"Basemaps, Central Services",KS
Johnson,Stewart,"300 Madison Stream
Christophershire, MO 93533",johnson.stewart,STEW@123,org_admin,"Basemaps, Central Services",NV
Williams,Sanchez,"4229 Derrick Wells
West Tyler, FL 96763",williams.sanchez,SANC@123,org_admin,"Basemaps, Central Services",IN
Jones,Morris,"26239 Michael Shoals
Gregoryview, VA 92174",jones.morris,MORR@123,org_admin,"Basemaps, Central Services",NC
Brown,Rogers,"302 Joy Spring Apt. 622
Ryanhaven, IN 88294",brown.rogers,ROGE@123,org_admin,"Basemaps, Central Services",AR
Davis,Reed,"734 Craig Overpass Suite 589
Jefferyside, CA 23464",davis.reed,REED@123,org_admin,"Basemaps, Central Services",FL
Miller,Cook,"272 Green Street
Port Lacey, CA 35243",miller.cook,COOK@123,org_admin,"Basemaps, Compliance, Central Services",NH
Wilson,Morgan,"8056 Dunn Trail Apt. 049
Blackshire, IL 61935",wilson.morgan,MORG@123,org_admin,"Basemaps, Compliance, Central Services",ID
Moore,Bell,"86187 Antonio Fort
North Carmen, CA 72324",moore.bell,BELL@123,org_admin,"Basemaps, Compliance, Central Services",AZ
Taylor,Murphy,"71318 Cassandra Plaza
Burkeview, NJ 84393",taylor.murphy,MURP@123,org_publisher,"Basemaps, Compliance, Central Services",LA
Anderson,Bailey,"5303 Lewis Springs
Port Adrian, NH 62346",anderson.bailey,BAIL@123,org_publisher,"Basemaps, Compliance, Central Services",NY
Thomas,Rivera,"465 Wiley Corners Apt. 759
East Michellechester, IA 02837",thomas.rivera,RIVE@123,org_publisher,"Basemaps, Compliance, Central Services",MS
Jackson,Cooper,"521 Flores Stream
West Rebeccaborough, LA 68847",jackson.cooper,COOP@123,org_publisher,"Basemaps, Compliance, Central Services",WI
White,Richardson,"0271 Soto Drives Apt. 975
New Edgar, NE 35218",white.richardson,RICH@123,org_publisher,"Basemaps, Compliance",WA
Harris,Cox,"27862 Kent Mountains
Lake Michaelville, NM 32697",harris.cox,HCOX@123,org_publisher,"Basemaps, Compliance",MI
Martin,Howard,"917 Mclaughlin Glens
Martinville, OR 95889",martin.howard,HOWA@123,org_publisher,"Basemaps, Compliance",VA
Thompson,Ward,"3032 Michelle Drives
North Daniel, KY 82153",thompson.ward,WARD@123,org_publisher,"Basemaps, Compliance",TX
Garcia,Torres,"601 Maria Mission Apt. 554
Myerstown, SD 32202",garcia.torres,TORR@123,org_publisher,"Basemaps, Compliance",MA
Martinez,Peterson,"238 Shawn Well
Port Johnshire, OH 17431",martinez.peterson,PETE@123,org_publisher,"Basemaps, Compliance",AL
Robinson,Gray,"41743 Berger Inlet Apt. 527
South Tammymouth, SC 37901",robinson.gray,GRAY@123,org_publisher,"Basemaps, Customer Service, Finance, Billing and Accounting",IL
Clark,Ramirez,"9983 Mary Grove Apt. 643
Beardview, MO 17895",clark.ramirez,RAMI@123,org_publisher,"Basemaps, Customer Service, Finance, Billing and Accounting",NJ
Rodriguez,James,"03541 Ryan Islands Apt. 562
East Michaelfort, HI 90576",rodriguez.james,JAME@123,org_publisher,"Basemaps, Customer Service, Finance, Billing and Accounting",DE
Lewis,Watson,"6591 Angela Mission Apt. 108
Penabury, SC 94980",lewis.watson,WATS@123,org_publisher,"Basemaps, Customer Service, Finance, Billing and Accounting",PA
Lee,Brooks,"492 Ramirez Crossing
Aaronberg, CO 44974",lee.brooks,BROO@123,org_publisher,"Basemaps, Customer Service, Finance, Billing and Accounting, Central Services",CT
Walker,Kelly,"35974 Sharon Locks Apt. 101
Jennyport, DE 66170",walker.kelly,KELL@123,org_user,"Basemaps, Demographic Content, Compliance",FM
Hall,Sanders,"89403 Gabriella Mills
East Steven, UT 22495",hall.sanders,SAND@123,org_user,"Basemaps, Demographic Content, Compliance",MT
Allen,Price,"601 Kyle Roads
Clarkfurt, NH 85059",allen.price,PRIC@123,org_user,"Basemaps, Demographic Content, Compliance",OH
Young,Bennett,"60969 Justin Passage Suite 774
Joshuaburgh, IN 61092",young.bennett,BENN@123,org_user,"Basemaps, Demographic Content, Compliance",IA
Hernandez,Wood,"7943 Tina Mount
East Lisa, PA 43986",hernandez.wood,WOOD@123,org_user,"Basemaps, Demographic Content, Compliance",KY
King,Barnes,"6775 James Ford
South Victorialand, NC 91397",king.barnes,BARN@123,org_user,"Basemaps, Demographic Content, Compliance",GA
Wright,Ross,"431 Johnson Neck Suite 039
Mariechester, VT 67849",wright.ross,ROSS@123,org_user,"Basemaps, Demographic Content, Compliance",WV
Lopez,Henderson,"15666 Justin Locks
Lake Ryanport, NM 20687",lopez.henderson,HEND@123,org_user,"Basemaps, Demographic Content, Compliance",MD
Hill,Coleman,"9947 Torres Viaduct Apt. 506
Benjaminport, TX 30222",hill.coleman,COLE@123,org_user,"Basemaps, Demographic Content, Compliance",VT
Scott,Jenkins,"Unit 3609 Box 5227
DPO AE 13554",scott.jenkins,JENK@123,org_user,"Basemaps, Demographic Content, Compliance",AK
Green,Perry,"20866 Keith Mill
Susanton, NJ 21190",green.perry,PERR@123,org_user,"Basemaps, Demographic Content, Compliance",ME
Adams,Powell,"PSC 1174, Box 4460
APO AP 35523",adams.powell,POWE@123,org_user,"Basemaps, Demographic Content, Central Services",SC
Baker,Long,"04374 Nicholas Cliff Suite 001
Adrianport, AL 04838",baker.long,LONG@123,org_user,"Basemaps, Demographic Content, Central Services",WY
Gonzalez,Patterson,"271 Andrew Summit
Port Craig, CA 80130",gonzalez.patterson,PATT@123,org_user,"Basemaps, Demographic Content, Central Services",UT
Nelson,Hughes,"17611 Robbins Mission
New Curtis, MN 96166",nelson.hughes,HUGH@123,org_user,"Basemaps, Demographic Content, Central Services",NE
Carter,Flores,"80831 Kemp Pines
Annashire, MO 40702",carter.flores,FLOR@123,org_user,"Basemaps, Demographic Content, Central Services",PR
Mitchell,Washington,"96545 Smith Alley
West Joy, IL 86023",mitchell.washington,WASH@123,org_user,"Basemaps, Demographic Content, Central Services",SD
Perez,Butler,"PSC 2177, Box 2442
APO AE 23070",perez.butler,BUTL@123,org_user,"Basemaps, Demographic Content, Central Services",CA
Roberts,Simmons,"PSC 5531, Box 8724
APO AA 25341",roberts.simmons,SIMM@123,org_user,"Basemaps, Demographic Content, Central Services",NM
Turner,Foster,"6146 Johnson Isle
South Arthur, MT 70897",turner.foster,FOST@123,org_user,"Basemaps, Demographic Content, Customer Service, Finance, Billing and Accounting",TN
Phillips,Gonzales,"0415 Smith Springs
Jeremyburgh, MN 69154",phillips.gonzales,GONZ@123,org_user,"Basemaps, Demographic Content, Customer Service, Finance, Billing and Accounting",MO
Campbell,Bryant,"3999 Ricky Via
West Adamburgh, HI 53524",campbell.bryant,BRYA@123,org_user,"Basemaps, Demographic Content, Customer Service, Finance, Billing and Accounting",ND
Parker,Alexander,"83787 Stuart Key
Davetown, MN 24886",parker.alexander,ALEX@123,org_user,"Basemaps, Demographic Content, Customer Service, Finance, Billing and Accounting",OR
Evans,Russell,"690 Christina Park
Toddburgh, TX 56713",evans.russell,RUSS@123,org_user,"Basemaps, Demographic Content, Customer Service, Finance, Billing and Accounting",MN
Edwards,Griffin,"341 Rebekah Alley Suite 212
Gregoryview, SD 55705",edwards.griffin,GRIF@123,org_user,"Basemaps, Demographic Content, Customer Service, Finance, Billing and Accounting",CO
