col0,col1,col2,col3,col4,col5,col6
10,Norma Fisher,Norma Fisher,Norma Fisher, M,0,1974-10-19
110,Jorge Sullivan,Jorge Sullivan,Jorge Sullivan, M,0,2010-08-07
129,Elizabeth Woods,Elizabeth Woods,Elizabeth Woods, M,0,1979-10-02
134,Susan Wagner,Susan Wagner,Susan Wagner, M,0,1984-02-26
14,Peter Montgomery,Peter Montgomery,Peter Montgomery, M,0,1970-03-22
145,Theodore Mcgrath,Theodore Mcgrath,Theodore Mcgrath, F,0,1983-12-09
147,Stephanie Collins,Stephanie Collins,Stephanie Collins, M,0,2014-11-05
148,Stephanie Sutton,Stephanie Sutton,Stephanie Sutton, M,0,2015-11-07
149,Brian Hamilton,Brian Hamilton,Brian Hamilton, M,0,2019-10-27
151,Susan Levy,Susan Levy,Susan Levy, M,0,1978-05-20
155,Sean Green,Sean Green,Sean Green, M,0,2020-11-25
157,Kimberly Smith,Kimberly Smith,Kimberly Smith, M,0,1970-06-28
160,Jennifer Summers,Jennifer Summers,Jennifer Summers, M,0,1989-12-16
161,April Snyder,April Snyder,April Snyder, M,0,1995-02-13
162,Dana Nguyen,Dana Nguyen,Dana Nguyen, M,0,2016-12-01
163,Cheryl Bradley,Cheryl Bradley,Cheryl Bradley, M,0,1971-09-05
165,Walter Pratt,Walter Pratt,Walter Pratt, M,0,2011-02-28
166,Bobby Flores,Bobby Flores,Bobby Flores, M,0,1985-11-05
167,Tasha Rodriguez,Tasha Rodriguez,Tasha Rodriguez, M,0,1979-08-28
168,Michelle Kelley,Michelle Kelley,Michelle Kelley, F,0,1982-09-22
171,Kimberly Maynard,Kimberly Maynard,Kimberly Maynard, M,0,2000-11-24
172,Laurie Wallace,Laurie Wallace,Laurie Wallace, M,0,1977-08-25
173,Janice Johnston,Janice Johnston,Janice Johnston, M,0,2002-06-10
175,Collin Lopez,Collin Lopez,Collin Lopez, M,0,1993-06-10
176,Mary Alvarez,Mary Alvarez,Mary Alvarez, M,0,2018-02-22
177,Peter Mcdowell,Peter Mcdowell,Peter Mcdowell, M,0,1987-07-29
178,Sarah Villanueva,Sarah Villanueva,Sarah Villanueva, M,0,1978-11-10
179,Kimberly Myers,Kimberly Myers,Kimberly Myers, M,0,1971-11-26
180,Desiree Cain,Desiree Cain,Desiree Cain, M,0,1984-02-29
181,Stephanie Lawrence,Stephanie Lawrence,Stephanie Lawrence, M,0,1994-08-26
182,Lauren Hayes,Lauren Hayes,Lauren Hayes, M,0,1992-10-18
183,Whitney Stark,Whitney Stark,Whitney Stark, M,0,2002-03-19
184,Angela Salazar,Angela Salazar,Angela Salazar, M,0,1989-11-30
185,Mr. Ryan Sanchez,Mr. Ryan Sanchez,Mr. Ryan Sanchez, M,0,1990-03-02
186,Autumn Robinson,Autumn Robinson,Autumn Robinson, F,0,2007-08-24
187,Faith Cabrera,Faith Cabrera,Faith Cabrera, M,0,2013-04-10
188,Charles Wolfe,Charles Wolfe,Charles Wolfe, M,0,1992-04-02
189,Kenneth Kent,Kenneth Kent,Kenneth Kent, M,0,1982-07-11
190,Melanie Johnson,Melanie Johnson,Melanie Johnson, M,0,2010-05-10
191,Lisa Johnston,Lisa Johnston,Lisa Johnston, F,0,1975-07-02
192,Jacob Hooper,Jacob Hooper,Jacob Hooper, M,0,1976-12-24
193,Alex Woodward,Alex Woodward,Alex Woodward, M,0,2006-04-15
195,Caleb Clark,Caleb Clark,Caleb Clark, M,0,2009-07-12
197,Taylor Johnson,Taylor Johnson,Taylor Johnson, M,0,1990-12-11
198,Brian Green,Brian Green,Brian Green, M,0,1980-08-23
199,Matthew Bell,Matthew Bell,Matthew Bell, M,0,1995-08-18
200,Jonathan Williams,Jonathan Williams,Jonathan Williams, F,0,1979-12-31
201,William Gonzalez,William Gonzalez,William Gonzalez, M,0,1978-07-10
202,Nicholas Massey,Nicholas Massey,Nicholas Massey, F,0,1985-03-01
203,Caroline Chambers,Caroline Chambers,Caroline Chambers, M,0,1991-07-01
204,Amy Lowe,Amy Lowe,Amy Lowe, M,0,2004-08-04
205,Gloria King,Gloria King,Gloria King, M,0,1986-07-11
206,Jessica Thompson,Jessica Thompson,Jessica Thompson, M,0,1986-02-08
207,Jason Carroll,Jason Carroll,Jason Carroll, F,0,2021-05-15
208,Emily Howard,Emily Howard,Emily Howard, M,0,1982-07-08
209,Danielle Castro,Danielle Castro,Danielle Castro, F,0,1989-10-22
210,Patrick Rogers,Patrick Rogers,Patrick Rogers, F,0,1995-05-07
211,Douglas Allen,Douglas Allen,Douglas Allen, F,0,1998-07-26
212,Heather Roberts,Heather Roberts,Heather Roberts, M,0,2015-02-17
213,Travis Schultz,Travis Schultz,Travis Schultz, M,0,1973-02-23
214,Michelle Hughes,Michelle Hughes,Michelle Hughes, M,0,1978-12-31
215,Matthew Smith,Matthew Smith,Matthew Smith, F,0,2010-11-30
216,George Allen,George Allen,George Allen, M,0,1971-05-26
217,Jamie Hutchinson,Jamie Hutchinson,Jamie Hutchinson, M,0,1996-10-18
218,Jennifer Morales,Jennifer Morales,Jennifer Morales, M,0,1975-04-21
219,Jennifer Bates,Jennifer Bates,Jennifer Bates, M,0,2017-10-13
220,Jeremy Green,Jeremy Green,Jeremy Green, F,0,1974-12-25
221,Joseph Freeman,Joseph Freeman,Joseph Freeman, M,0,1978-12-26
222,Nicole Henson,Nicole Henson,Nicole Henson, F,0,1998-08-06
223,Eric Owens PhD,Eric Owens PhD,Eric Owens PhD, M,0,1990-05-17
224,Robin Lopez,Robin Lopez,Robin Lopez, M,0,2007-06-25
225,Miss Angela Swanson DVM,Miss Angela Swanson DVM,Miss Angela Swanson DVM, M,0,1998-05-12
226,Michael Stewart,Michael Stewart,Michael Stewart, M,0,2020-06-01
227,Mitchell Smith,Mitchell Smith,Mitchell Smith, M,0,1979-09-07
228,Kelsey Davis,Kelsey Davis,Kelsey Davis, M,0,2010-03-23
229,Matthew Russo,Matthew Russo,Matthew Russo, F,0,1998-09-24
230,William Garcia,William Garcia,William Garcia, F,0,1990-04-13
231,Jennifer Miller,Jennifer Miller,Jennifer Miller, M,0,2013-05-06
232,Jesse Sparks,Jesse Sparks,Jesse Sparks, M,0,1994-02-16
233,Brandi Meyer,Brandi Meyer,Brandi Meyer, M,0,1975-10-03
234,Hannah Wiggins,Hannah Wiggins,Hannah Wiggins, M,0,1986-11-18
235,Albert Williams,Albert Williams,Albert Williams, M,0,2000-04-08
236,Kristin Potts,Kristin Potts,Kristin Potts, F,0,2013-01-22
237,Susan Williams,Susan Williams,Susan Williams, M,0,1995-02-16
238,Meredith Rios,Meredith Rios,Meredith Rios, M,0,2013-05-08
239,Stephanie Bowman,Stephanie Bowman,Stephanie Bowman, M,0,2006-01-05
240,Joshua Clark,Joshua Clark,Joshua Clark, M,0,1973-12-09
241,Alexa Hernandez,Alexa Hernandez,Alexa Hernandez, F,0,1995-08-14
242,Richard Higgins,Richard Higgins,Richard Higgins, M,0,1997-10-22
243,Marc Williams,Marc Williams,Marc Williams, M,0,1970-07-29
244,William Roberts,William Roberts,William Roberts, M,0,1998-05-24
245,Joshua Carter,Joshua Carter,Joshua Carter, M,0,2019-07-22
246,David Williams,David Williams,David Williams, M,0,1991-10-28
247,Joseph Jones,Joseph Jones,Joseph Jones, M,0,2000-01-12
248,Gary Perry,Gary Perry,Gary Perry, M,0,1983-11-19
249,Terry Wells,Terry Wells,Terry Wells, M,0,1995-04-16
250,Vanessa Cooper,Vanessa Cooper,Vanessa Cooper, M,0,1989-12-17
251,Michael Simmons,Michael Simmons,Michael Simmons, M,0,2002-01-16
252,Nicholas Kline,Nicholas Kline,Nicholas Kline, M,0,1976-03-13
253,Lori Bennett,Lori Bennett,Lori Bennett, M,0,1982-08-15
254,Margaret Jones,Margaret Jones,Margaret Jones, M,0,1977-05-23
255,Paul Brown,Paul Brown,Paul Brown, M,0,1988-11-06
256,James Stone,James Stone,James Stone, M,0,1977-08-19
257,John Richards,John Richards,John Richards, M,0,2007-12-26
258,Jenny Richardson,Jenny Richardson,Jenny Richardson, M,0,2011-03-17
259,Debbie Waters MD,Debbie Waters MD,Debbie Waters MD, M,0,2016-10-31
260,Austin Boyer,Austin Boyer,Austin Boyer, M,0,1980-06-21
261,Stephanie Hayes,Stephanie Hayes,Stephanie Hayes, M,0,2017-10-24
262,Barbara Sanders,Barbara Sanders,Barbara Sanders, M,0,2000-05-12
263,Andrew Gould,Andrew Gould,Andrew Gould, M,0,1997-02-19
264,Charles Gonzalez,Charles Gonzalez,Charles Gonzalez, M,0,1982-08-13
265,Joshua Hernandez,Joshua Hernandez,Joshua Hernandez, M,0,1998-09-12
266,Victoria Hernandez MD,Victoria Hernandez MD,Victoria Hernandez MD, M,0,1999-05-19
267,Sherry Simpson,Sherry Simpson,Sherry Simpson, F,0,1981-11-22
268,Erica Jimenez,Erica Jimenez,Erica Jimenez, M,0,1986-11-16
269,Mr. Dakota Lynch II,Mr. Dakota Lynch II,Mr. Dakota Lynch II, F,0,2000-11-09
270,Victor Nolan,Victor Nolan,Victor Nolan, M,0,1993-03-01
271,Amanda Hernandez,Amanda Hernandez,Amanda Hernandez, F,0,2005-08-12
272,Richard Kirby,Richard Kirby,Richard Kirby, M,0,1979-09-14
274,Michelle Roman,Michelle Roman,Michelle Roman, M,0,1994-03-08
275,Bradley Melton,Bradley Melton,Bradley Melton, M,0,2001-06-20
276,Danny Williams,Danny Williams,Danny Williams, M,0,2012-12-22
277,Ryan Rivera,Ryan Rivera,Ryan Rivera, M,0,2013-05-15
278,Charles Douglas,Charles Douglas,Charles Douglas, M,0,1975-11-20
279,Kathy Santana,Kathy Santana,Kathy Santana, M,0,2002-11-21
280,Laura Gregory,Laura Gregory,Laura Gregory, M,0,2021-05-19
281,Norma Mooney,Norma Mooney,Norma Mooney, F,0,1983-11-10
282,Susan Harris,Susan Harris,Susan Harris, M,0,1990-01-21
283,Linda Petersen,Linda Petersen,Linda Petersen, M,0,1970-02-15
284,Dr. James Willis,Dr. James Willis,Dr. James Willis, M,0,2017-07-26
286,Rebecca Sandoval,Rebecca Sandoval,Rebecca Sandoval, M,0,2000-07-24
287,Christopher Hunter,Christopher Hunter,Christopher Hunter, M,0,2012-02-08
288,Austin Heath,Austin Heath,Austin Heath, F,0,2001-06-10
289,Elizabeth Russell,Elizabeth Russell,Elizabeth Russell, M,0,1970-07-13
290,Amy Davidson,Amy Davidson,Amy Davidson, M,0,1984-11-19
291,Dustin Greer,Dustin Greer,Dustin Greer, M,0,1990-04-26
292,Andrew Butler,Andrew Butler,Andrew Butler, M,0,1977-10-15
294,Scott Love DDS,Scott Love DDS,Scott Love DDS, M,0,2012-10-18
295,William Jenkins,William Jenkins,William Jenkins, M,0,1990-06-30
296,Jasmine Williams,Jasmine Williams,Jasmine Williams, M,0,2007-02-07
297,Christian Johnson,Christian Johnson,Christian Johnson, M,0,2011-06-15
298,Lorraine Garcia,Lorraine Garcia,Lorraine Garcia, F,0,1980-08-18
299,Hannah Reyes,Hannah Reyes,Hannah Reyes, M,0,1998-11-13
300,Katherine Ibarra,Katherine Ibarra,Katherine Ibarra, M,0,2018-01-24
301,Julie Chen,Julie Chen,Julie Chen, M,0,2021-02-16
302,Caleb Fleming,Caleb Fleming,Caleb Fleming, M,0,2002-01-30
303,Rachel Martinez,Rachel Martinez,Rachel Martinez, M,0,1976-04-19
304,Rebecca Stark,Rebecca Stark,Rebecca Stark, M,0,2016-02-25
305,Melanie Patrick,Melanie Patrick,Melanie Patrick, M,0,2003-11-13
306,Rachel Lopez,Rachel Lopez,Rachel Lopez, M,0,2021-09-22
307,Jill Sherman,Jill Sherman,Jill Sherman, M,0,1985-10-24
308,Richard Jones,Richard Jones,Richard Jones, F,0,2007-01-01
309,Timothy Tucker,Timothy Tucker,Timothy Tucker, M,0,2021-11-08
310,Theresa Estrada,Theresa Estrada,Theresa Estrada, M,0,1997-07-31
311,Cindy Davis,Cindy Davis,Cindy Davis, F,0,1989-01-22
314,Stacy Chan,Stacy Chan,Stacy Chan, F,0,2013-01-05
315,Jennifer Torres,Jennifer Torres,Jennifer Torres, M,0,1971-06-22
33,Jeffery Knight,Jeffery Knight,Jeffery Knight, M,0,1978-03-23
40,Taylor Perry,Taylor Perry,Taylor Perry, M,0,1988-05-18
53,Raymond Navarro,Raymond Navarro,Raymond Navarro, M,0,2015-06-29
58,Jeremy Parks,Jeremy Parks,Jeremy Parks, M,0,1972-10-04
74,Thomas Rivers,Thomas Rivers,Thomas Rivers, M,0,1970-01-07
8,Angela Jones,Angela Jones,Angela Jones, M,0,1987-06-18
81,Allen Bailey,Allen Bailey,Allen Bailey, F,0,1997-02-10
96,William Fuentes,William Fuentes,William Fuentes, M,0,2005-10-20
