col0,col1,col2,col3,col4,col5,col6,col7
Norma Fisher,J,Norma Fisher,FL,1995-09-23,,Norma Fisher,Norma Fisher
Jorge Sullivan,R,Jorge Sullivan,IN,1994-08-11,,Jorge Sullivan,Jorge Sullivan
Elizabeth Woods,R,Elizabeth Woods,DE,2007-03-08,,Elizabeth Woods,Elizabeth Woods
Susan Wagner,D,Susan Wagner,CA,1980-04-19,,Susan Wagner,Susan Wagner
Peter Montgomery,M,Peter Montgomery,SC,1977-02-16,,Peter Montgomery,Peter Montgomery
Theodore Mcgrath,,Theodore Mcgrath,SC,2010-07-29,,Theodore Mcgrath,Theodore Mcgrath
Stephanie Collins,G,Stephanie Collins,NY,2003-03-15,,Stephanie Collins,Stephanie Collins
Stephanie Sutton,N,Stephanie Sutton,WI,1980-02-06,,Stephanie Sutton,Stephanie Sutton
Brian Hamilton,E,Brian Hamilton,CA,2008-05-16,,Brian Hamilton,Brian Hamilton
Susan Levy,,Susan Levy,MD,1997-08-15,,Susan Levy,Susan Levy
Sean Green,,Sean Green,DC,2013-06-10,,Sean Green,Sean Green
Kimberly Smith,J,Kimberly Smith,MN,2016-04-08,,Kimberly Smith,Kimberly Smith
Jennifer Summers,J,Jennifer Summers,MI,1998-10-20,30-SEP-2010,Jennifer Summers,Jennifer Summers
April Snyder,L,April Snyder,WV,2005-06-21,,April Snyder,April Snyder
Dana Nguyen,R,Dana Nguyen,NY,2003-09-18,,Dana Nguyen,Dana Nguyen
Cheryl Bradley,M,Cheryl Bradley,VA,2016-03-24,,Cheryl Bradley,Cheryl Bradley
Walter Pratt,E,Walter Pratt,NM,1991-12-11,,Walter Pratt,Walter Pratt
Bobby Flores,F,Bobby Flores,MA,2003-12-02,,Bobby Flores,Bobby Flores
Tasha Rodriguez,,Tasha Rodriguez,CA,2003-12-07,,Tasha Rodriguez,Tasha Rodriguez
Michelle Kelley,G,Michelle Kelley,PA,2013-03-20,,Michelle Kelley,Michelle Kelley
Kimberly Maynard,A,Kimberly Maynard,MI,2015-08-07,,Kimberly Maynard,Kimberly Maynard
Laurie Wallace,E,Laurie Wallace,MA,1983-09-30,,Laurie Wallace,Laurie Wallace
Janice Johnston,S,Janice Johnston,DC,2006-12-09,,Janice Johnston,Janice Johnston
Collin Lopez,L,Collin Lopez,TN,2011-06-30,,Collin Lopez,Collin Lopez
Mary Alvarez,N,Mary Alvarez,UT,1984-11-20,,Mary Alvarez,Mary Alvarez
Peter Mcdowell,E,Peter Mcdowell,UT,1970-08-30,,Peter Mcdowell,Peter Mcdowell
Sarah Villanueva,,Sarah Villanueva,DC,1993-02-25,,Sarah Villanueva,Sarah Villanueva
Kimberly Myers,H,Kimberly Myers,IL,2018-01-06,,Kimberly Myers,Kimberly Myers
Desiree Cain,M,Desiree Cain,UT,2020-11-01,,Desiree Cain,Desiree Cain
Stephanie Lawrence,D,Stephanie Lawrence,WI,1991-08-29,,Stephanie Lawrence,Stephanie Lawrence
Lauren Hayes,P,Lauren Hayes,CA,1991-11-26,,Lauren Hayes,Lauren Hayes
Whitney Stark,H,Whitney Stark,VA,1972-05-31,,Whitney Stark,Whitney Stark
Angela Salazar,N,Angela Salazar,PA,2005-09-25,,Angela Salazar,Angela Salazar
Mr. Ryan Sanchez,C,Mr. Ryan Sanchez,UT,1980-02-05,,Mr. Ryan Sanchez,Mr. Ryan Sanchez
Autumn Robinson,J,Autumn Robinson,CA,1987-06-25,,Autumn Robinson,Autumn Robinson
Faith Cabrera,,Faith Cabrera,PA,2011-01-03,,Faith Cabrera,Faith Cabrera
Charles Wolfe,S,Charles Wolfe,AZ,1980-08-11,25-Aug-2018,Charles Wolfe,Charles Wolfe
Kenneth Kent,L,Kenneth Kent,AK,1995-10-17,,Kenneth Kent,Kenneth Kent
Melanie Johnson,O,Melanie Johnson,MT,2009-09-02,,Melanie Johnson,Melanie Johnson
Lisa Johnston,A,Lisa Johnston,GA,1990-01-12,,Lisa Johnston,Lisa Johnston
Jacob Hooper,A,Jacob Hooper,NY,2018-11-14,,Jacob Hooper,Jacob Hooper
Alex Woodward,L,Alex Woodward,GA,2018-01-26,,Alex Woodward,Alex Woodward
Caleb Clark,A,Caleb Clark,NV,2002-01-05,,Caleb Clark,Caleb Clark
Taylor Johnson,,Taylor Johnson,CT,1974-07-08,,Taylor Johnson,Taylor Johnson
Brian Green,E,Brian Green,CA,1975-10-05,,Brian Green,Brian Green
Matthew Bell,P,Matthew Bell,FL,2005-02-24,,Matthew Bell,Matthew Bell
Jonathan Williams,A,Jonathan Williams,CA,1972-09-06,,Jonathan Williams,Jonathan Williams
William Gonzalez,W,William Gonzalez,TX,1974-07-08,,William Gonzalez,William Gonzalez
Nicholas Massey,B,Nicholas Massey,WY,1985-04-26,,Nicholas Massey,Nicholas Massey
Caroline Chambers,F,Caroline Chambers,MA,1978-11-18,,Caroline Chambers,Caroline Chambers
Amy Lowe,R,Amy Lowe,NC,1972-10-06,,Amy Lowe,Amy Lowe
Gloria King,J,Gloria King,TX,1990-06-12,,Gloria King,Gloria King
Jessica Thompson,V,Jessica Thompson,IA,1971-01-15,,Jessica Thompson,Jessica Thompson
Jason Carroll,A,Jason Carroll,MD,2021-08-23,,Jason Carroll,Jason Carroll
Emily Howard,,Emily Howard,CA,2000-07-11,13-Sep-2008,Emily Howard,Emily Howard
Danielle Castro,H,Danielle Castro,ME,1992-06-30,,Danielle Castro,Danielle Castro
Patrick Rogers,K,Patrick Rogers,TX,1980-12-07,,Patrick Rogers,Patrick Rogers
Douglas Allen,A,Douglas Allen,TN,1980-02-16,,Douglas Allen,Douglas Allen
Heather Roberts,I,Heather Roberts,CT,2014-08-25,,Heather Roberts,Heather Roberts
Travis Schultz,J,Travis Schultz,VA,2001-05-09,,Travis Schultz,Travis Schultz
Michelle Hughes,B,Michelle Hughes,CA,1995-04-09,22-May-2018,Michelle Hughes,Michelle Hughes
Matthew Smith,,Matthew Smith,MN,2004-05-13,,Matthew Smith,Matthew Smith
George Allen,E,George Allen,TN,1996-01-05,01-Mar-2006,George Allen,George Allen
Jamie Hutchinson,C,Jamie Hutchinson,CA,2006-01-20,,Jamie Hutchinson,Jamie Hutchinson
Jennifer Morales,J,Jennifer Morales,VA,2004-03-10,20-Aug-2013,Jennifer Morales,Jennifer Morales
Jennifer Bates,C,Jennifer Bates,MO,1972-04-15,,Jennifer Bates,Jennifer Bates
Jeremy Green,C,Jeremy Green,NH,2009-01-19,,Jeremy Green,Jeremy Green
Joseph Freeman,J,Joseph Freeman,AR,1976-03-03,,Joseph Freeman,Joseph Freeman
Nicole Henson,J,Nicole Henson,KS,2016-03-05,,Nicole Henson,Nicole Henson
Eric Owens PhD,R,Eric Owens PhD,TX,2005-04-01,09-Jul-2019,Eric Owens PhD,Eric Owens PhD
Robin Lopez,F,Robin Lopez,NY,2021-07-28,02-May-2009,Robin Lopez,Robin Lopez
Miss Angela Swanson DVM,,Miss Angela Swanson DVM,TX,2010-11-03,,Miss Angela Swanson DVM,Miss Angela Swanson DVM
Michael Stewart,S,Michael Stewart,IA,1975-03-13,,Michael Stewart,Michael Stewart
Mitchell Smith,,Mitchell Smith,MA,2020-10-30,,Mitchell Smith,Mitchell Smith
Kelsey Davis,HW,Kelsey Davis,TX,1999-01-06,20-Nov-2018,Kelsey Davis,Kelsey Davis
Matthew Russo,D,Matthew Russo,IN,2021-05-09,,Matthew Russo,Matthew Russo
William Garcia,B,William Garcia,CO,1984-01-10,05-Jul-2005,William Garcia,William Garcia
Jennifer Miller,V,Jennifer Miller,AK,1989-09-17,,Jennifer Miller,Jennifer Miller
Jesse Sparks,T,Jesse Sparks,NV,2006-06-08,,Jesse Sparks,Jesse Sparks
Brandi Meyer,B,Brandi Meyer,NJ,2010-09-26,,Brandi Meyer,Brandi Meyer
Hannah Wiggins,E,Hannah Wiggins,CA,1998-06-08,,Hannah Wiggins,Hannah Wiggins
Albert Williams,W,Albert Williams,MD,2002-10-25,22-May-2012,Albert Williams,Albert Williams
Kristin Potts,W,Kristin Potts,OR,1996-06-10,,Kristin Potts,Kristin Potts
Susan Williams,S,Susan Williams,MA,2011-05-03,,Susan Williams,Susan Williams
Meredith Rios,M,Meredith Rios,TX,2009-11-26,23-May-2006,Meredith Rios,Meredith Rios
Stephanie Bowman,E,Stephanie Bowman,TX,1985-11-23,,Stephanie Bowman,Stephanie Bowman
Joshua Clark,,Joshua Clark,CA,1971-05-25,,Joshua Clark,Joshua Clark
Alexa Hernandez,,Alexa Hernandez,MI,2014-09-16,,Alexa Hernandez,Alexa Hernandez
Richard Higgins,,Richard Higgins,NY,1970-01-06,,Richard Higgins,Richard Higgins
Marc Williams,E,Marc Williams,LA,2020-05-29,,Marc Williams,Marc Williams
William Roberts,L,William Roberts,PA,1982-05-20,,William Roberts,William Roberts
Joshua Carter,,Joshua Carter,NY,1990-08-01,,Joshua Carter,Joshua Carter
David Williams,N,David Williams,CA,2004-06-29,,David Williams,David Williams
Joseph Jones,G,Joseph Jones,ID,2008-10-22,,Joseph Jones,Joseph Jones
Gary Perry,H,Gary Perry,NH,1987-04-26,12-Feb-2019,Gary Perry,Gary Perry
Terry Wells,L,Terry Wells,MS,1992-08-21,19-Dec-2008,Terry Wells,Terry Wells
Vanessa Cooper,,Vanessa Cooper,IL,1974-06-20,,Vanessa Cooper,Vanessa Cooper
Michael Simmons,,Michael Simmons,PA,2003-08-02,,Michael Simmons,Michael Simmons
Nicholas Kline,M,Nicholas Kline,IL,1987-10-31,,Nicholas Kline,Nicholas Kline
Lori Bennett,Q,Lori Bennett,IL,1990-08-10,17-Apr-2012,Lori Bennett,Lori Bennett
Margaret Jones,,Margaret Jones,NY,1997-10-08,,Margaret Jones,Margaret Jones
Paul Brown,C,Paul Brown,CO,1996-02-22,,Paul Brown,Paul Brown
James Stone,T,James Stone,MA,1996-02-10,,James Stone,James Stone
John Richards,E,John Richards,NY,1974-03-28,17-Aug-2018,John Richards,John Richards
Jenny Richardson,F,Jenny Richardson,OR,1981-02-23,,Jenny Richardson,Jenny Richardson
Debbie Waters MD,A,Debbie Waters MD,VT,2013-08-14,,Debbie Waters MD,Debbie Waters MD
Austin Boyer,,Austin Boyer,TX,1978-08-31,,Austin Boyer,Austin Boyer
Stephanie Hayes,,Stephanie Hayes,CA,1986-04-06,28-Jun-2020,Stephanie Hayes,Stephanie Hayes
Barbara Sanders,O,Barbara Sanders,IL,1989-07-15,,Barbara Sanders,Barbara Sanders
Andrew Gould,,Andrew Gould,WY,2019-08-22,,Andrew Gould,Andrew Gould
Charles Gonzalez,,Charles Gonzalez,,1992-09-24,,Charles Gonzalez,Charles Gonzalez
