col0,col1,col2,col3,col4,col5,col6,col7,col8,col9,col10,col11,col12,col13,col14,col15,col16,col17,col18,col19
1900000530,0.0,14.0,Mara Corazza,28/01/14,113.88,COD,8034,Mara,Corazza,Via G. Leopardi n. 5,Pianoro,Bologna,40065,Italia,3391947102,macora73@gmail.com,,,1
1900000531,0.2,13.0,Matteo Fontana,28/01/14,118.713,COD,8744,Matteo,Fontana,"Via Leoncavallo, 6",Verona,VR,37131,Italia,3490577907,mfonta79@libero.it,,,1
1900000534,0.0,4.0,roberta casamassima,29/01/14,83.0,Visa - MC (VERRAI REINDIRIZZATO AL SITO DELLA BANCA PREPARA LA TUA CARTA DI CREDITO),8161,roberta,casamassima,via adriano mari 53,roma,,139,Italia,3479009891,butterflyz86@libero.it,,,1
1900000535,0.0,13.0,SILVIA TESSITORI c/o SICK SPA,29/01/14,63.405,COD,8746,SILVIA,TESSITORI c/o SICK SPA,VIA CADORNA 66,VIMODRONE,ITALIA,20090,Italia,3478430720,silvia.tessitori@sick.it,,,1
1900000536,0.5,8.0,NADIA DAL VECCHIO,29/01/14,28.0,Visa - MC (VERRAI REINDIRIZZATO AL SITO DELLA BANCA PREPARA LA TUA CARTA DI CREDITO),6765,NADIA,DAL VECCHIO,VIA VERDI 2,PIEVE DI SOLIGO,TV,31053,Italia,438841723,coltsfever@gmail.com,,,1
1900000537,0.0,8.0,Francesca Testa,29/01/14,21.5,Bonifico Bancario Anticipato,8749,Francesca,Testa,via Petrarca 129 palazzina Testa B,Napoli,,80123,Italia,817692558,franci_testa@libero.it,,,1
1900000538,0.0,23.0,Rosanna Nardi,29/01/14,48.76,COD,8750,Rosanna,Nardi,via Riccardo Balmas 18,Pomaretto,TO,10063,Italia,3492192784,rosannanardi@gmail.com,,,1
