col0,col1,col2,col3,col4,col5,col6,col7,col8,col9
Jahai,Jahai,jeha1242,Jehai,jhi,Eurasia,5.63695,101.54145,Austroasiatic,ASLIAN
JahHut,Jah-Hut,jahh1242,Jah Hut,jah,Eurasia,3.67619,102.2913,Austroasiatic,ASLIAN
Kensiw,Kensiw,kens1248,Kensiu,kns,Eurasia,6.02922,101.16023,Austroasiatic,ASLIAN
Semai,Semai,sema1266,Semai,sea,Eurasia,4.13257,101.47651,Austroasiatic,ASLIAN
Semelai,Semelai,seme1247,Semelai,sza,Eurasia,2.82799,102.8062,Austroasiatic,ASLIAN
SemoqBeri,SemoqBeri,sema1265,Semaq Beri,szc,Eurasia,4.12,102.82,Austroasiatic,ASLIAN
Temiar,Temiar,temi1246,Temiar,tea,Eurasia,4.974,101.43761,Austroasiatic,ASLIAN
Arak,Arak,alak1253,Alak,alk,Eurasia,15.5565,106.597,Austroasiatic,BAHNARIC
Bahnar,Bahnar,,,bdq,,,,Austro-Asiatic,BAHNARIC
Chrau,Chrau,chra1242,Chrau,crw,Eurasia,10.80208,107.29291,Austroasiatic,BAHNARIC
Didra,Didra,todr1244,Todrah,tdr,Eurasia,14.57,108.11,Austroasiatic,BAHNARIC
Hadang,Hadang,,,,,,,Austro-Asiatic,BAHNARIC
Halang,Halang,hala1252,Halang,hal,Eurasia,14.60822,107.57379,Austroasiatic,BAHNARIC
Hre,Hre,,,hre,,,,Austro-Asiatic,BAHNARIC
Je,Je,,,,,,,Austro-Asiatic,BAHNARIC
Jeh,Jeh,jehh1245,Jeh,jeh,Eurasia,15.19845,107.89563,Austroasiatic,BAHNARIC
Jru,Jru,lave1248,Laven,lbo,Eurasia,15.27261,106.32196,Austroasiatic,BAHNARIC
Kadong,Kadong,,,,,,,Austro-Asiatic,BAHNARIC
KahoChil,KahoChil,chil1279,Chil (Koho),,Eurasia,,,Austroasiatic,BAHNARIC
KorCua,Kor=Cua,cuaa1241,Cua,cua,Eurasia,15.16883,108.43092,Austroasiatic,BAHNARIC
MBunong,M.Bunong,maaa1253,Maa,cma,Eurasia,11.52,107.34,Austroasiatic,BAHNARIC
MDip,M.Dip,maaa1253,Maa,cma,Eurasia,11.52,107.34,Austroasiatic,BAHNARIC
MRolom,M.Rolom,east2333,Eastern Mnong,mng,Eurasia,12.39385,108.35351,Austroasiatic,BAHNARIC
Ma1,Ma1,,,,,,,Austro-Asiatic,BAHNARIC
Ma2,Ma2,,,,,,,Austro-Asiatic,BAHNARIC
Nhaheun,Nhaheun,nyah1249,Nyaheun,nev,Eurasia,15.10343,106.54295,Austroasiatic,BAHNARIC
Oy,Oy,oyyy1238,Oy,oyb,Eurasia,15.42,106.66,Austroasiatic,BAHNARIC
Panong,Panong,,,,,,,Austro-Asiatic,BAHNARIC
Rengao,Rengao,reng1252,Rengao,ren,Eurasia,14.6066,107.85923,Austroasiatic,BAHNARIC
Sedang,Sedang,seda1262,Sedang,sed,Eurasia,14.77933,108.02703,Austroasiatic,BAHNARIC
Sre,Sre,sree1244,Sre,kpm,Eurasia,11.64436,108.05721,Austroasiatic,BAHNARIC
Stieng,Stieng,bulo1242,Bulo Stieng,sti,Eurasia,11.81581,107.04075,Austroasiatic,BAHNARIC
Tariang,Tariang,tali1257,Talieng,tdf,Eurasia,16.53,106.1,Austroasiatic,BAHNARIC
Tempuan,Tempuan,tamp1251,Tampuan,tpu,Eurasia,13.56447,107.24544,Austroasiatic,BAHNARIC
Veh,Veh,,,,,,,Austro-Asiatic,BAHNARIC
Bru,Bru,,,bru,,,,Austro-Asiatic,KATUIC
BruVK,BruVK,,,xhv,,,,Austro-Asiatic,KATUIC
Dakkang,Dakkang,,,,,,,Austro-Asiatic,KATUIC
Kantu,Kantu,,,,,,,Austro-Asiatic,KATUIC
Katu,Katu,katu1272,Katu,,,,,Austroasiatic,KATUIC
Kui,Kui,kuyy1240,Kuy,kdt,Eurasia,,,Austroasiatic,KATUIC
LaoKatu,Lao-Katu,west2398,Western Katu,kuf,Eurasia,15.79,107.17,Austroasiatic,KATUIC
Mak,Mak,,,,,,,Austro-Asiatic,KATUIC
Neu,Neu,,,,,,,Austro-Asiatic,KATUIC
Nge,Nge,ngeq1245,Kriang-Khlor,ngt,Eurasia,15.62109,106.8773,Austroasiatic,KATUIC
Ong,Ong,,,,,,,Austro-Asiatic,KATUIC
Pakoh,Pakoh,paco1243,Pacoh,pac,Eurasia,16.44399,107.12868,Austroasiatic,KATUIC
So,So,sooo1254,Sô,sss,Eurasia,,,Austroasiatic,KATUIC
Taoi,Taoi,lowe1395,Lower Ta'oih,tto,Eurasia,15.9083,106.87347,Austroasiatic,KATUIC
Taoih,Taoih,,,,,,,Austro-Asiatic,KATUIC
Tri,Tri,trii1240,Tri,,Eurasia,,,Austroasiatic,KATUIC
Khasi,Khasi,khas1269,Khasi,kha,Eurasia,25.56573,92.00194,Austroasiatic,KHASI
KSurin,K.Surin,nort2684,Northern Khmer,kxm,Eurasia,14.46743,103.86313,Austroasiatic,KHMERIC
Khmer,Khmer,cent1989,Central Khmer,khm,Eurasia,11.4549,104.49337,Austroasiatic,KHMERIC
Bit,Bit,bitt1240,Bit,bgk,Eurasia,21.44574,102.03513,Austroasiatic,KHMUIC
Iduh,Iduh,,,,,,,Austro-Asiatic,KHMUIC
Khang,Khang,khan1274,Kháng,kjm,Eurasia,21.66243,103.73637,Austroasiatic,KHMUIC
Khmu,Khmu,,,kjg,,,,Austro-Asiatic,KHMUIC
Ksinmul,Ksinmul,puoc1238,Ksingmul,puo,Eurasia,21.02809,104.0259,Austroasiatic,KHMUIC
KxinhMul,KxinhMul,,,,,,,Austro-Asiatic,KHMUIC
Mlabri,Mlabri,mlab1235,Mlabri,mra,Eurasia,18.46712,101.03731,Austroasiatic,KHMUIC
Phong,Phong,phon1246,Phong-Kniang,pnx,Eurasia,19.96217,104.08797,Austroasiatic,KHMUIC
Pray,Pray,,,pry,,,,Austro-Asiatic,KHMUIC
Bugan,Bugan,buga1247,Bugan,bbh,Eurasia,23.61242,104.96286,Austroasiatic,MANGIC
Mang,Mang,mang1378,Mang,zng,Eurasia,22.37722,103.14238,Austroasiatic,MANGIC
Paliu,Paliu,,,,,,,Austro-Asiatic,MANGIC
Mon,Mon,monn1252,Mon,mnw,Eurasia,15.81271,97.89369,Austroasiatic,MONIC
Nyakur,Nyakur,nyah1250,Nyahkur,,Eurasia,15.89091,101.51465,Austroasiatic,MONIC
Bonda,Bonda,bond1245,Bondo,bfw,Eurasia,19.15124,83.81415,Austroasiatic,MUNDA
Juang,Juang,juan1238,Juang,jun,Eurasia,21.26064,85.58452,Austroasiatic,MUNDA
Kharia,Kharia,khar1287,Kharia,khr,Eurasia,22.35712,84.39219,Austroasiatic,MUNDA
Korku,Korku,kork1243,Korku,kfq,Eurasia,21.83579,77.55409,Austroasiatic,MUNDA
Mundari,Mundari,mund1320,Mundari,unr,Eurasia,22.5517,85.09258,Austroasiatic,MUNDA
Parengi,Parengi,pare1266,Gorum-Parenga,pcj,Eurasia,19.07501,83.97234,Austroasiatic,MUNDA
Santali,Santali,sant1410,Santali,sat,Eurasia,23.9076,87.11775,Austroasiatic,MUNDA
Sora,Sora,sora1254,Sora,srb,Eurasia,19.12127,84.19005,Austroasiatic,MUNDA
Car,Car,carn1240,Car Nicobarese,caq,Eurasia,9.18853,92.76706,Austroasiatic,NICOBARIC
Nancawri,Nancawri,nanc1247,Nancowry,ncb,Eurasia,7.94812,93.39208,Austroasiatic,NICOBARIC
Deang,De'ang,ruch1235,Ruching Palaung,,Eurasia,,,Austroasiatic,PALAUNGWA
Gantang,Gantang,,,,,,,Austro-Asiatic,PALAUNGWA
Guanshuang,Guanshuang,,,,,,,Austro-Asiatic,PALAUNGWA
Hu,Hu,huuu1240,Hu,huo,Eurasia,23.37,101.75,Austroasiatic,PALAUNGWA
Khamet,Khamet,,,,,,,Austro-Asiatic,PALAUNGWA
Khme,Khme,,,,,,,Austro-Asiatic,PALAUNGWA
Mane,Man'e,,,,,,,Austro-Asiatic,PALAUNGWA
Mangan,Mang'an,,,,,,,Austro-Asiatic,PALAUNGWA
Pangpin,Pangpin,,,,,,,Austro-Asiatic,PALAUNGWA
Plang,Plang,,,,,,,Austro-Asiatic,PALAUNGWA
Rumai,Rumai,ruma1248,Rumai Palaung,rbb,Eurasia,23.13363,96.67992,Austroasiatic,PALAUNGWA
Shuangdiang,Shuangdiang,,,,,,,Austro-Asiatic,PALAUNGWA
Wa,Wa,,,,,,,Austro-Asiatic,PALAUNGWA
Yongde,Yongde,,,,,,,Austro-Asiatic,PALAUNGWA
Chong,Chong,chon1284,Chong of Chanthaburi,cog,Eurasia,12.7267,102.232,Austroasiatic,PEARIC
ChongH,Chong-H,chon1284,Chong of Chanthaburi,cog,Eurasia,12.7267,102.232,Austroasiatic,PEARIC
Kasong,Kasong,cent2314,Central Chong,cog,Eurasia,12.87518,102.16769,Austroasiatic,PEARIC
Samre,Samre,somr1240,Somray of Battambang-Somre of Siem Reap,sxm,Eurasia,13.47899,103.978,Austroasiatic,PEARIC
Arem,Arem,,,,,,,Austro-Asiatic,VIETIC
Cuoi,Cuoi,,,,,,,Austro-Asiatic,VIETIC
KhaPhong,KhaPhong,,,,,,,Austro-Asiatic,VIETIC
Liha,Liha,,,,,,,Austro-Asiatic,VIETIC
Malieng,Malieng,mali1278,Malieng,pkt,Eurasia,17.94469,105.67464,Austroasiatic,VIETIC
MuongKoi,MuongKoi,,,,,,,Austro-Asiatic,VIETIC
PhongV,Phong(V),,,,,,,Austro-Asiatic,VIETIC
Ruc,Ruc,rucc1239,Ruc,scb,Eurasia,17.986,105.658,Austroasiatic,VIETIC
Thavung,Thavung,aheu1239,Thavung,thm,Eurasia,,,Austroasiatic,VIETIC
ThavungSo,ThavungSo,aheu1239,Thavung,thm,Eurasia,,,Austroasiatic,VIETIC
Tuum,Tuum,,,,,,,Austro-Asiatic,VIETIC
Vietnamese,Vietnamese,viet1252,Vietnamese,vie,Eurasia,17.11945,106.91747,Austroasiatic,VIETIC
ThoMon,Tho Mon,,,,,,,Austro-Asiatic,VIETIC
