col0,col1,col2,col3,col4,col5,col6,col7,col8,col9,col10
0,Norma Fisher,Norma Fisher,"24000 Erin Point Suite 590
Josephmouth, NE 49318",USA,Not UW,Postdoc,,YES,25,
1,Jorge Sullivan,Jorge Sullivan,"69402 Joseph Junction
Jennifermouth, RI 05175",USA,Not UW,Research Staff,Yes,YES,65,
2,Elizabeth Woods,Elizabeth Woods,"94568 Kelly Neck
North Kyle, NC 96008",USA,University of Washington,Research Staff,Yes,YES,52,52.0
3,Susan Wagner,Susan Wagner,"4611 Wells Ville Suite 171
Simmonsport, WA 90561",USA,University of Washington,grad_postgrad,Yes,YES,11,
4,Peter Montgomery,Peter Montgomery,"PSC 2961, Box 1133
APO AE 50939",USA,Not UW,grad_postgrad,Yes,NO,38,38.0
5,Theodore Mcgrath,Theodore Mcgrath,"847 Kramer Station Apt. 615
West Brenda, NE 25659",USA,University of Washington,Postdoc,No,YES,26,26.0
6,Stephanie Collins,Stephanie Collins,"087 David Locks
Jaredton, IL 82213",USA,Not UW,grad_postgrad,No,YES,32,
7,Stephanie Sutton,Stephanie Sutton,"6582 Vanessa Oval
New Richard, NE 68819",USA,Not UW,Faculty,Yes,YES,8,8.0
8,Brian Hamilton,Brian Hamilton,"7389 Alec Squares Suite 508
Port Jonathan, FL 50177",Ethiopia,Not UW,grad_postgrad,Yes,NO,35,
9,Susan Levy,Susan Levy,"18013 Billy Bridge Suite 522
Schmitthaven, NC 66355",Thailand,Not UW,grad_postgrad,Yes,YES,75,
10,Sean Green,Sean Green,"891 Bullock Ford
Amandachester, NJ 51431",USA,Not UW,Government,Yes,NO,37,37.0
11,Kimberly Smith,Kimberly Smith,"02489 Cook Park
Sherriport, MT 50853",Nigeria,University of Washington,grad_postgrad,Yes,YES,64,64.0
12,Jennifer Summers,Jennifer Summers,"23450 Timothy Divide
Wuland, UT 20341",CHINA,Not UW,Faculty,Yes,YES,73,
13,April Snyder,April Snyder,"0976 Williams Mountains Apt. 009
Lake Mario, OH 85565",Canada,University of Washington,grad_postgrad,No,NO,53,53.0
14,Dana Nguyen,Dana Nguyen,"1097 Santos Springs Suite 264
New Michelleborough, WY 51884",Nepal,University of Washington,grad_postgrad,Yes,YES,72,
15,Cheryl Bradley,Cheryl Bradley,"5100 Scott Burg
East Clayton, SC 66353",USA,University of Washington,grad_postgrad,Yes,YES,49,
16,Walter Pratt,Walter Pratt,"412 Snow Manors Apt. 161
South Kimtown, NV 57004",USA,University of Washington,grad_postgrad,No,YES,50,50.0
17,Bobby Flores,Bobby Flores,"5415 David Square
West Michaeltown, IN 48447",Uganda,University of Washington,Industry,Yes,YES,62,
18,Tasha Rodriguez,Tasha Rodriguez,"03104 Norris Rapids
Port Donald, DE 62982",Uganda,University of Washington,grad_postgrad,Yes,NO,63,
19,Michelle Kelley,Michelle Kelley,"03557 Phillips Wells Suite 291
New Beverlyburgh, FL 16915",Uganda,University of Washington,Postdoc,Yes,NO,66,
20,Kimberly Maynard,Kimberly Maynard,"332 Watson Shore Apt. 290
Millerland, MT 39742",Czech Republic,University of Washington,Research Staff,Yes,YES,76,
21,Laurie Wallace,Laurie Wallace,"645 John Roads
Danahaven, MS 54060",UK,University of Washington,grad_postgrad,No,YES,44,44.0
22,Janice Johnston,Janice Johnston,"3547 Stephanie Underpass Apt. 418
Port Jacqueline, HI 55774",USA,University of Washington,undergrad ,,YES,10,
23,Collin Lopez,Collin Lopez,"5825 Welch Corners
Fischerport, UT 59363",USA,University of Washington,grad_postgrad,No,YES,54,54.0
24,Mary Alvarez,Mary Alvarez,"41489 Roger Terrace
Davisfort, IN 71770",USA,Not UW,Industry,Yes,NO,67,67.0
25,Peter Mcdowell,Peter Mcdowell,"014 Aaron Locks Suite 714
Justinborough, CO 05147",USA,Not UW,Tribal Government,No,YES,48,48.0
26,Sarah Villanueva,Sarah Villanueva,"8518 Pamela Track Apt. 164
Aprilshire, SC 28062",INDIA,Not UW,Government,Yes,YES,71,
27,Kimberly Myers,Kimberly Myers,"864 Ramos Port Apt. 211
Moralesmouth, OH 88090",USA,Not UW,grad_postgrad,Yes,YES,39,39.0
28,Desiree Cain,Desiree Cain,"637 Neal Island Suite 074
Lake Tyler, RI 28775",USA,University of Washington,Faculty,No,YES,36,36.0
29,Stephanie Lawrence,Stephanie Lawrence,"0811 Smith Canyon Apt. 904
Jessicabury, WV 75585",USA,University of Washington,grad_postgrad,No,YES,5,
30,Lauren Hayes,Lauren Hayes,"7562 Fisher Spur
Hernandezberg, MD 17438",Spain,University of Washington,Research Staff,Yes,YES,34,34.0
31,Whitney Stark,Whitney Stark,"5667 Blair Underpass
South Shelby, VT 07027",USA,Not UW,Research Staff,Yes,YES,60,60.0
32,Angela Salazar,Angela Salazar,"PSC 0312, Box 5023
APO AP 39498",USA,University of Washington,Research Staff,Yes,YES,41,41.0
33,Mr. Ryan Sanchez,Mr. Ryan Sanchez,"6708 Carpenter Overpass Suite 735
Bobbyton, MI 01008",Canada,Not UW,grad_postgrad,Yes,YES,47,
34,Autumn Robinson,Autumn Robinson,"16396 Shawn Junction
New Nicolemouth, ND 60236",USA,Not UW,Industry,Yes,NO,13,13.0
35,Faith Cabrera,Faith Cabrera,"PSC 4080, Box 3513
APO AP 45818",USA,Not UW,grad_postgrad,Yes,YES,46,46.0
36,Charles Wolfe,Charles Wolfe,"4486 Olson Well
North Kevin, CA 01707",USA,Not UW,Research Staff,No,YES,59,
37,Kenneth Kent,Kenneth Kent,"67771 Christopher Courts Apt. 637
Port Ronaldfurt, HI 33233",Austria,Not UW,grad_postgrad,No,YES,58,58.0
38,Melanie Johnson,Melanie Johnson,"5561 Bishop Turnpike
Lake Kenneth, NY 79756",USA,Not UW,grad_postgrad,No,YES,69,
39,Lisa Johnston,Lisa Johnston,"3019 Gerald Mall Apt. 340
Trevinoville, SD 36216",USA,Not UW,Government,Yes,YES,42,42.0
40,Jacob Hooper,Jacob Hooper,"84331 Leonard Fort Suite 749
East Lisa, NY 43477",USA,Not UW,grad_postgrad,Yes,YES,56,
41,Alex Woodward,Alex Woodward,"62281 Kathy Tunnel
Hudsonborough, VA 17819",USA,Not UW,grad_postgrad,Yes,YES,9,
42,Caleb Clark,Caleb Clark,"9927 Christina Burg Suite 774
East Angelaburgh, NM 97149",USA,Not UW,Postdoc,No,YES,3,
43,Taylor Johnson,Taylor Johnson,"142 Warner View Suite 460
North Leslie, IA 45480",USA,Not UW,Faculty,No,YES,4,
44,Brian Green,Brian Green,"5240 Berry Centers
West Andrew, AR 03720",USA,University of Washington,grad_postgrad,No,YES,6,6.0
45,Matthew Bell,Matthew Bell,"51056 Patricia Forge
Grahamstad, HI 85576",USA,Not UW,grad_postgrad,No,YES,12,
46,Jonathan Williams,Jonathan Williams,"0648 Malone Port Apt. 662
New Devonhaven, VA 92199",USA,Not UW,grad_postgrad,Yes,NO,14,
47,William Gonzalez,William Gonzalez,"23028 Jennifer Meadow Apt. 972
West Matthewfurt, SC 05261",USA,Not UW,Government,No,YES,15,
48,Nicholas Massey,Nicholas Massey,"2738 Martin Terrace Suite 547
Smithhaven, LA 72649",USA,Not UW,Research Staff,No,NO,16,16.0
49,Caroline Chambers,Caroline Chambers,"984 Stephen Stravenue
South Michaelton, KY 97488",USA,Not UW,grad_postgrad,Yes,YES,17,
50,Amy Lowe,Amy Lowe,"Unit 4943 Box 8856
DPO AA 27891",USA,University of Washington,grad_postgrad,No,YES,18,
51,Gloria King,Gloria King,"98522 Mathis Viaduct Apt. 909
West Michael, LA 42837",USA,Not UW,grad_postgrad,No,YES,20,
52,Jessica Thompson,Jessica Thompson,"620 Ashley Mills Apt. 507
Julieborough, OH 56059",USA,Not UW,Industry,No,YES,21,21.0
53,Jason Carroll,Jason Carroll,"212 Shelly Roads
Fischerview, LA 02288",USA,Not UW,Postdoc,No,YES,22,
54,Emily Howard,Emily Howard,"8885 Lee Tunnel Suite 208
Port Donna, OK 50851",USA,University of Washington,grad_postgrad,No,YES,23,
55,Danielle Castro,Danielle Castro,"693 Michael Estate
Lake Michael, NM 03009",USA,Not UW,undergrad ,No,NO,24,
56,Patrick Rogers,Patrick Rogers,"342 Miller Mission
Lake Jennifer, NY 92905",USA,University of Washington,grad_postgrad,No,YES,29,
57,Douglas Allen,Douglas Allen,"71664 Kim Throughway
Chelsealand, AK 65056",USA,Not UW,grad_postgrad,No,YES,30,
58,Heather Roberts,Heather Roberts,"66660 Gomez Port Apt. 945
South Thomashaven, AZ 11181",USA,Not UW,grad_postgrad,No,NO,33,
59,Travis Schultz,Travis Schultz,"0131 Williams Ville Apt. 562
Richardberg, FL 53480",USA,Not UW,Industry,No,YES,45,45.0
60,Michelle Hughes,Michelle Hughes,"22708 Madison Spurs
Herringstad, OR 11353",USA,Not UW,Postdoc,No,YES,55,
61,Matthew Smith,Matthew Smith,"3454 Holmes Motorway
Port Rachel, FL 05560",USA,Not UW,grad_postgrad,Yes,YES,57,
62,George Allen,George Allen,"805 James Turnpike
Carrmouth, GA 93500",USA,Not UW,grad_postgrad,No,NO,70,70.0
63,Jamie Hutchinson,Jamie Hutchinson,"8081 Smith Trail
North Ronaldstad, NV 44515",USA,Not UW,Industry,No,YES,77,
64,Jennifer Morales,Jennifer Morales,"125 Ian Crossroad Apt. 593
South Deannaport, MS 07347",USA,Not UW,grad_postgrad,No,YES,78,
65,Jennifer Bates,Jennifer Bates,"1607 Munoz River
Emilyshire, NH 54532",USA,Not UW,grad_postgrad,,YES,51,
66,Jeremy Green,Jeremy Green,"3615 David Keys Apt. 269
West Stephenside, UT 65516",USA,Not UW,grad_postgrad,No,YES,31,
67,Joseph Freeman,Joseph Freeman,"640 Mary Common
Michaelville, AZ 20721",USA,Not UW,grad_postgrad,No,NO,19,
68,Nicole Henson,Nicole Henson,"PSC 4006, Box 5282
APO AE 23388",USA,Not UW,grad_postgrad,No,NO,1,1.0
69,Eric Owens PhD,Eric Owens PhD,"395 Timothy Road
Williamsbury, LA 43567",USA,University of Washington,grad_postgrad,No,YES,27,
70,Robin Lopez,Robin Lopez,"3267 Walter Dam
Cunninghamtown, OR 01239",USA,Not UW,Research Staff,Yes,NO,7,7.0
71,Miss Angela Swanson DVM,Miss Angela Swanson DVM,"00580 Brandon Creek
Port Eric, MS 03966",USA,Not UW,Research Staff,No,NO,68,
72,Michael Stewart,Michael Stewart,"325 Amanda Cliffs Apt. 695
South Paulabury, MS 29996",USA,Not UW,grad_postgrad,No,YES,28,
73,Mitchell Smith,Mitchell Smith,"PSC 3769, Box 1448
APO AA 71586",USA,Not UW,Industry,No,NO,80,
74,Kelsey Davis,Kelsey Davis,"40956 Amanda Walk Apt. 260
Simonfurt, CT 93980",USA,Not UW,Faculty,No,NO,79,
75,Matthew Russo,Matthew Russo,"25762 Gill Creek Suite 525
Mccoyton, KS 23687",USA,Not UW,grad_postgrad,No,YES,2,2.0
76,William Garcia,William Garcia,"6048 Johnson Loop Suite 635
East Daniel, GA 04593",USA,University of Washington,grad_postgrad,No,YES,40,40.0
77,Jennifer Miller,Jennifer Miller,"1168 Gary Fords Apt. 308
Port Trevor, RI 96954",USA,University of Washington,grad_postgrad,No,NO,61,61.0
78,Jesse Sparks,Jesse Sparks,"164 Matthew Parkway Suite 826
Jimmyfurt, MS 62271",Nepal,Not UW,grad_postgrad,Yes,YES,74,
79,Brandi Meyer,Brandi Meyer,"1220 Heidi Rue Apt. 998
West Haleyburgh, CO 05222",China,Not UW,Research Staff,Yes,YES,43,
