"Bank Name","City","ST","CERT","Acquiring Institution","Closing Date"
"Bank of Honoluluu","Honoluluu","HHI","21029","Bank of the Orient","13-Oct-00"
"National State Bank of Metropoliss","Metropoliss","IL","3815","Banterra Bank of Marion","14-Dec-00"
"Firstt Alliance Bank & Trust Co.","Manchesterr","NHH","34264","Southern New Hampshire Bank & Trustt","2-Feb-01"
"Malta National Bank","Maalta","OHH","6629","North Valley Bankk","3-May-01"
"Superiior Bank, FSB","Hinsdalee","IL","32646","Supperior Federal, FSB","27-Jul-01"
"Sincclair National Bank","Gravette","ARR","34248","Delta Trust & Bank","7-Sep-01"
"Hamilton Bank, NA","Miami","FL","24382","Israel Discount Bank of New Yorkk","11-Jan-02"
"Bank of Sierra Blancaa","SSierra Blanca","TTX","22002","The Security State Bank of Pecos","18-Jan-02"
"Oakwwood Deposit Bank Co.","Oakwood","OHH","8966","The State Bank & Truust Company","1-Feb-02"
"NextBank, NNA","Phoenixx","AZ","22314","","7-Feb-02"
"Net 1st National Bank","Boca Raton","FLL","26652","Bank Leumi USAA","1-Mar-02"
"New Century Bankk","Shelby Township","MI","34979","","28-Mar-02"
"Connecticut Bank of Commerce","Staamford","CTT","19183","Hudson United Bank","26-Jun-02"
"Universal Federal Savings Bankk","Chhicago","IIL","29355","Chicago Community Bank","27-Jun-02"
"AmTrade International Bank","Atlanta","GGA","33784","","30-Sep-02"
"Bank of Alamo","Alamo","TTN","9961","","8-Nov-02"
"Farmers Bank of Cheneyville","Cheneyvville","LAA","16445","Sabine Staate Bank & Trust","17-Dec-02"
"Southern Pacific Bank","Torrance","CA","27094","Beal Bank","7-Feb-03"
"First National Bank of Blanchardvillee","BBlanchardville","WI","11639","The Park Bank","9-May-03"
"Pulaski Savings Bank","Philadelphiaa","PA","27203","Earthstar Bankk","14-Nov-03"
"Dollar Savings Bankk","Newark","NJ","31330","","14-Feb-04"
"Guaranty National Bank of Tallahasseee","Tallahasseee","FFL","26838","Hancock Bank of Floridaa","12-Mar-04"
"Reliance Baank","White Plains","NY","26778","Union State Bank","19-Mar-04"
"Bank of Ephraimm","Ephraimm","UUT","1249","Far West Bank","25-Jun-04"
"Metropolitan Savings Bankk","Pittsburghh","PA","35353","Allegheny Valley Bank of Pittsburgh","2-Feb-07"
"NetBannk","Alpharettaa","GGA","32575","ING DIRRECT","28-Sep-07"
"Miami Valley Bank","Lakeview","OH","16848","The Citizens Banking Company","4-Oct-07"
"Douglass National Bankk","Kansas City","MOO","24660","Liberty Bank and Trust Company","25-Jan-08"
"Hume Bankk","Humee","MOO","1971","Security Bankk","7-Mar-08"
"ANB Financial, NA","Bentonvillee","AR","33901","Pulaski Bank and Trust Companyy","9-May-08"
"First Integrity Bank, NA","Stapless","MN","12736","First International Bank and Trust","30-May-08"
"IndyMac Bank","Pasadena","CAA","29730","OneWestt Bank, FSB","11-Jul-08"
"First Heritage Bank, NAA","Newport Beach","CA","57961","Mutual of Omaha Bank","25-Jul-08"
"First Naational Bank of Nevada","Reno","NV","27011","Mutual of Omaha Bank","25-Jul-08"
"First Priority Bank","Bradenton","FL","57523","SunTrust Bankk","1-Aug-08"
"Columbian Bank & Trustt","Topeka","KSS","22728","Citizens Bank & Trustt","22-Aug-08"
"Integrity Bankk","Alphareetta","GA","35469","Regions Bankk","29-Aug-08"
"Silver State Bank","Henderson","NVV","34194","Nevada State Bankk","5-Sep-08"
"Ameribankk","Northfork","WV","6782","The Citizens Savings Bank, and Pioneerr Community Bank, Inc.","19-Sep-08"
"Washington Mutual Bank (Including its subsidiary Washington Mutual Bank FSB))","Hendersonn","NV","32633","JP Morgan Chase Bank","25-Sep-08"
"Main Street Bank","Northvillee","MI","57654","Monroe Bank & Trustt","10-Oct-08"
"Meridian Bankk","Eldredd","IIL","13789","National Bankk","10-Oct-08"
"Alpha Bank & Trustt","Alpharetta","GA","58241","Stearns Bank, N.A.","24-Oct-08"
"Freedom Bankk","Bradentonn","FLL","57930","Fifth Thhird Bank","31-Oct-08"
"Security Pacific Bankk","Los Angeles","CAA","23595","Pacific Western Bank","7-Nov-08"
"Franklin Bank, SSB","Houstonn","TXX","26870","Prosperity Bank","7-Nov-08"
"Community Bank","Loganvillee","GAA","16490","Bank of EEssex","21-Nov-08"
"Downey Savings & LLoan","Newport Beach","CAA","30968","U.S. Bank, N.A.","21-Nov-08"
"PFF Bank & Trust","Pomona","CAA","28344","U.S. Bank, N.A..","21-Nov-08"
"FFirst Georgia Community Bank","JJackson","GAA","34301","United Bankk","5-Dec-08"
"Haven Trust Bank","Duluthh","GGA","35379","Branch Banking & Trust Company, (BB&T))","12-Dec-08"
"Sanderson State BBank","Sanderson","TX","11568","The Pecos County State Bank","12-Dec-08"
"National Bank of Commercee","Berkeley","IIL","19733","Republic Bank of Chicago","16-Jan-09"
"Bank of Clark Countyy","Vancouver","WA","34959","Umpqua Bankk","16-Jan-09"
"1st Centennial Bankk","Redlandss","CAA","33025","First Califoornia Bank","23-Jan-09"
"Suburban FSBB","Croffton","MD","30763","Bank of Essexx","30-Jan-09"
"Ocala National Bankk","Ocalaa","FFL","26538","CenterState Bank of Florida, N.A..","30-Jan-09"
"MagnetBank","Salt Lake  City","UT","58001","","30-Jan-09"
"Alliance Bankk","Culver Cityy","CA","23124","California Bank & Trust","6-Feb-09"
"FirsstBank Financial Services","McDonoughh","GAA","57017","Regions Bankk","6-Feb-09"
"County Bank","Mercedd","CCA","22574","Wesstamerica Bank","6-Feb-09"
"Sherman County Bankk","Loup City","NEE","5431","Heritage Bankk","13-Feb-09"
"Corn Belt Bank & Trust Co.","Pittsfielld","IL","16500","The Carlinville National Bank","13-Feb-09"
"Riverside Bank of the Gulf Coastt","Cape Coral","FL","34563","TIB Bankk","13-Feb-09"
"Pinnnacle Bank of Oregon","Beavverton","ORR","57342","Washington Trust Bank of Spokanee","13-Feb-09"
"Silver Falls Bank","Silvertonn","ORR","35399","Citizens Bank","20-Feb-09"
"Security Savings Bankk","Henderson","NV","34820","Bank of Nevadaa","27-Feb-09"
"Heritage Community Bankk","Glenwood","IL","20078","MB Financial Bank, N.A..","27-Feb-09"
"Freedom Bank of Georgia","Commeerce","GA","57558","Northeast Georgia Bank","6-Mar-09"
"TeamBank, NA","Paolaa","KKS","4754","Great Southern Bankk","20-Mar-09"
"Colorado National Bankk","Colorado Springs","COO","18896","Herring Bank","20-Mar-09"
"FirstCity Bank","Stockbridgee","GGA","18243","","20-Mar-09"
"Omni National Bank","Atlantaa","GA","22238","","27-Mar-09"
"Cape Fear Bank","Wilmingtonn","NCC","34639","First Federral Savings and Loan Association","10-Apr-09"
"New Frrontier Bank","Greeleyy","CO","34881","","10-Apr-09"
"American Sterling Bankk","Sugar Creek","MO","8266","Metcalf Bank","17-Apr-09"
"GGreat Basin Bank of Nevada","Elko","NVV","33824","Nevada State Bankk","17-Apr-09"
"American Southern Bank","Kennesaw","GGA","57943","Bank of North Georgia","24-Apr-09"
"Michigan Heritage Bank","Farmington Hillss","MII","34369","Level One Baank","24-Apr-09"
"First Bankk of Idaho","Ketchum","ID","34396","U.S. Bank, N.A..","24-Apr-09"
"First Bank of Beverly Hillss","Calabasas","CCA","32069","","24-Apr-09"
"America West Bankk","Layton","UT","35461","Cache Valley Bannk","1-May-09"
"Citizens Community Bankk","Ridgewoodd","NJJ","57563","North Jersey Community Bankk","1-May-09"
"Silverton Bank, NAA","Atlanta","GA","26535","","1-May-09"
"Westsound Bankk","Bremerton","WA","34843","Kitsap Bankk","8-May-09"
"BankUnnited, FSB","Coral Gables","FLL","32247","BankUnited","21-May-09"
"Strategic Capital Bankk","Champaign","IL","35175","Midland States Bank","22-May-09"
"Citizens National Bankk","Macomb","IIL","5757","Morton Community Bankk","22-May-09"
"Bank of Lincolnwoodd","Lincolnwood","IL","17309","Republic Bank of Chicagoo","5-Jun-09"
"First National Bank of Anthonyy","Annthony","KKS","4614","Bank of Kansass","19-Jun-09"
"Cooperative Bank","Wilmingtonn","NNC","27837","First Bankk","19-Jun-09"
"Southern Community Bank","Fayettevillee","GAA","35251","United Community Bank","19-Jun-09"
"Neighborhood Community Bank","Newnan","GAA","35285","CharterBank","26-Jun-09"
"Horiizon Bank","Pine City","MN","9744","Stearns Bank, N.A.","26-Jun-09"
"MetroPaacific Bank","Irvinne","CCA","57893","Sunwest Bank","26-Jun-09"
"Mirae Bankk","Los Angeles","CAA","57332","Wilshire State Bankk","26-Jun-09"
"Community Bank of West Georgia","Villa Riica","GAA","57436","","26-Jun-09"
"First National Bank of Danvillee","Danville","IIL","3644","First Financial Bank, N.A..","2-Jul-09"
"The Elizabeth State Bankk","Elizabeth","ILL","9262","Galena State Bank and Trust Companyy","2-Jul-09"
"John Warner Bankk","CClinton","IL","12093","State Bank of Lincoln","2-Jul-09"
"Millennium State Bank of Texas","Dalllas","TXX","57667","State Bank of Texas","2-Jul-09"
"First State Bank of Winchesterr","Winchesteer","IIL","11710","The First National Bank of Beardstown","2-Jul-09"
"Rock River Bank","Oregon","ILL","15302","The Harvard State Bank","2-Jul-09"
"Founders Bankk","Worthh","IIL","18390","The PrivateBank and Trust Company","2-Jul-09"
"Bank of Wyooming","Thermopoliss","WY","22754","Central Bank & Trustt","10-Jul-09"
"BankFirstt","Siioux Falls","SDD","34103","Alerus Financial, N.A.","17-Jul-09"
"Vineyard Bankk","Rancho Cucamonga","CAA","23556","California Bank & Trustt","17-Jul-09"
"First Piedmont Bankk","Windeer","GA","34594","First American Bank and Trust Companyy","17-Jul-09"
"Temecula Valley Bank","Temecula","CCA","34341","First-Citizens Bank & Trust Companyy","17-Jul-09"
"Waterford Village Bankk","Willliamsville","NYY","58065","Evans Bank, N.A.","24-Jul-09"
"Security Bank of North  Fulton","Alpharetta","GA","57430","State Bank and Trust Companyy","24-Jul-09"
"Security Bank of Jones Countyy","Grayy","GAA","8486","State Bank and Trust Companyy","24-Jul-09"
"Security Bank of Bibb Countyy","Maconn","GA","27367","State Bank and Trust Companyy","24-Jul-09"
"Security Bank of Houston Countyy","PPerry","GAA","27048","State Bank and Trust Companyy","24-Jul-09"
"Security Bank of Gwinnett Countyy","Suwanee","GGA","57346","State Bank and Trust Company","24-Jul-09"
"Security Bank of North Metroo","Woodstock","GA","57105","State Bank and Trust Company","24-Jul-09"
"First BankAmericano","Elizabethh","NJ","34270","Crrown Bank","31-Jul-09"
"Peoples Commmunity Bank","Weest Chester","OOH","32288","First Financial Bank, N.A.","31-Jul-09"
"First State Baank of Altus","Alltus","OKK","9873","Herring Bank","31-Jul-09"
"Integrity Bank","Jupiteer","FFL","57604","Stonegate Bankk","31-Jul-09"
"Mutuual Bank","Harveyy","IIL","18659","United Central Bank","31-Jul-09"
"Community First Bank","Prinevillee","OR","23268","Home Federal Bankk","7-Aug-09"
"First State Bank","Sarasota","FLL","27364","Stearns Bank, N.A.","7-Aug-09"
"Community National Bank of Sarasota County","Venicce","FFL","27183","Stearns Bank, N.A.","7-Aug-09"
"Colonial Bankk","Montgomerry","ALL","9609","Branch Banking & Trust Company, (BB&T))","14-Aug-09"
"Union Bank, National Association","Gillbert","AAZ","34485","MidFirst Bank","14-Aug-09"
"Community Bank of Arizonaa","Phoenixx","AZ","57645","MidFirst Bankk","14-Aug-09"
"Dwelling House Savings and Loan Association","Pittsburgh","PA","31559","PNC Bank,, N.A.","14-Aug-09"
"Community Bank of Nevada","Las Vegas","NVV","34043","","14-Aug-09"
"Guaranty Bank","Austinn","TX","32618","BBVA Compass","21-Aug-09"
"CapitalSSouth Bank","BBirmingham","ALL","22130","IBERIABANKK","21-Aug-09"
"ebank","Atlantta","GAA","34682","Stearns Bank, N.AA.","21-Aug-09"
"First Coweta Bank","Newnan","GAA","57702","United Bankk","21-Aug-09"
"Mainnstreet Bank","Forest Lake","MMN","1909","Central Bankk","28-Aug-09"
"Bradford Bank","Baltimoree","MD","28312","Manufacturers and Traderss Trust Company (M&T Bank)","28-Aug-09"
"Affinity Bank","Ventura","CCA","27197","Pacific Western Bankk","28-Aug-09"
"First  Bank of Kansas City","Kansas City","MMO","25231","Great American Bankk","4-Sep-09"
"Vantus Bankk","Sioux Cityy","IAA","27732","Great Southern Bankk","4-Sep-09"
"InBannk","Oak Forestt","IL","20203","MB Financial Bank, N.A.","4-Sep-09"
"First Sttate Bank","Flaagstaff","AAZ","34875","Sunwest Bank","4-Sep-09"
"Platinum Community Bank","Rolling Meadowss","IL","35030","","4-Sep-09"
"Brickwell Community Bank","Woodbury","MN","57736","CorTrust Bank N.A.","11-Sep-09"
"Venture Bankk","LLacey","WAA","22868","First-Citizens Bank & Trust Company","11-Sep-09"
"Corus Bank, N.A.","Chicagoo","IL","13693","MB Finaancial Bank, N.A.","11-Sep-09"
"Irwin Union Bank and Trust Company","Columbuss","IN","10100","First Financial Bank, N.A.","18-Sep-09"
"Irwin Union Bank, F.S.B.","Louisville","KY","57068","First Financial Bank, N.A..","18-Sep-09"
"Georgian Bank","Atlanta","GAA","57151","First Citizens Bank annd Trust Company, Inc.","25-Sep-09"
"Jennings State Bank","Spring Grove","MN","11416","Central Bannk","2-Oct-09"
"Southern Colorado National Bankk","Puebloo","CO","57263","Legacy Bankk","2-Oct-09"
"Warren Bank","Warren","MII","34824","The Huntington National Bank","2-Oct-09"
"San Joaquinn Bank","Bakersfield","CAA","23266","Citizeens Business Bank","16-Oct-09"
"American United Baank","Lawrencevillee","GA","57794","Ameris Bankk","23-Oct-09"
"Riverview Community Bankk","Otsegoo","MN","57525","Central Bank","23-Oct-09"
"Flagship Natiional Bank","Bradeenton","FL","35044","First Federal Bank of Floridaa","23-Oct-09"
"First DuPage Bankk","Westmontt","IL","35038","First Midweest Bank","23-Oct-09"
"Hillcrest Bank Florida","Napless","FFL","58336","Stonegate Bankk","23-Oct-09"
"Partners Bank","NNaples","FFL","57959","Stonegate Bank","23-Oct-09"
"Bank of Elmwoodd","Raciine","WI","18321","Tri City National Bank","23-Oct-09"
"Park National Bank","Chicago","ILL","11677","U.S. Bank N.A..","30-Oct-09"
"North Houston Bank","Housston","TXX","18776","U..S. Bank N.A.","30-Oct-09"
"Community Bank of Lemont","Lemontt","IIL","35291","U.S. Bank N.A.","30-Oct-09"
"California National Bankk","Los Angeless","CA","34659","U.S. Bank N.A.","30-Oct-09"
"Madisonville State Bank","Madisonvillee","TXX","33782","U.S. Bank N.A.","30-Oct-09"
"Bank USA, N.A..","Phoenixx","AZ","32218","U.S. Bank N.A.","30-Oct-09"
"San Dieggo National Bank","San Diegoo","CCA","23594","U.S. Bank N.A..","30-Oct-09"
"Pacific National Bankk","San Franciscoo","CAA","30006","U.S. Bank N.A.","30-Oct-09"
"Citizens National Bankk","Teague","TTX","25222","U.S. Bank N.A.","30-Oct-09"
"Prosperan Bankk","Oakdale","MMN","35074","Alerus Financial, N.A.","6-Nov-09"
"United Security Bankk","Spartaa","GAA","22286","Ameris Bankk","6-Nov-09"
"Gateway Bank of St. Louis","St. Louiss","MO","19450","Central Bank of Kansas City","6-Nov-09"
"United Commercial Bankk","San Francissco","CAA","32469","East West Bankk","6-Nov-09"
"Home Federal Savings Bank","Detroit","MMI","30329","Liberty Bank and Trust Company","6-Nov-09"
"Orion Bannk","NNaples","FLL","22427","IBERIABBANK","13-Nov-09"
"Century  Bank, F.S.B.","Sarasotaa","FL","32267","IBERIABANK","13-Nov-09"
"Pacific Coast National Bank","San Clemente","CA","57914","Sunwest Bankk","13-Nov-09"
"Commerce Bank of Souuthwest Florida","FFort Myers","FLL","58016","Ceentral Bank","20-Nov-09"
"The Tattnall Bankk","Reidsville","GA","12080","Heritage Bank of the Southh","4-Dec-09"
"Benchmark Bank","Aurora","IL","10440","MB Financial Bank, N.A..","4-Dec-09"
"AmTrust Bank","Cleveland","OHH","29776","New York Community  Bank","4-Dec-09"
"Greater Atlantic Bank","Restonn","VAA","32583","Sonabank","4-Dec-09"
"The Buckhead Community Bankk","Attlanta","GAA","34663","State Bank and Trustt Company","4-Dec-09"
"First  Security National Bank","Norcross","GA","26290","State Bank and Trust Company","4-Dec-09"
"Republic Federal Bank, N.A..","Miamii","FFL","22846","1st United Bankk","11-Dec-09"
"SolutionsBank","Overland Park","KS","4731","Arvest Bank","11-Dec-09"
"Valley Capital Bank, N.A.","Mesaa","AZZ","58399","Enterrprise Bank & Trust","11-Dec-09"
"New South Federal Savings  Bank","Irondalee","ALL","32276","Beal Bank","18-Dec-09"
"Imperial Capittal Bank","La JJolla","CAA","26348","City National Bankk","18-Dec-09"
"Peoples First Community Bankk","Panama City","FLL","32167","Hancocck Bank","18-Dec-09"
"First Fedderal Bank of California, F.S.B.","Santa Monica","CA","28536","OneWest Bank, FSSB","18-Dec-09"
"Independent Bankers' Bankk","Springfield","IL","26820","The Independent BankersBank (TIB)","18-Dec-09"
"RockBridge Commercial Bankk","Atlaanta","GAA","58315","","18-Dec-09"
"Citizens State Bannk","New Baltimoree","MMI","1006","","18-Dec-09"
"Horizon Bankk","Bellingham","WA","22977","Washington Federal Savings and Loan Association","8-Jan-10"
"Town Community Bank & Trustt","Antioch","ILL","34705","First American  Bank","15-Jan-10"
"St. Stephen State Bankk","St. Stephen","MMN","17522","First State Bank of St. Joseph","15-Jan-10"
"BBarnes Banking Company","Kaysvillle","UT","1252","","15-Jan-10"
"Charter Bankk","Santa Fe","NM","32498","Charter Bankk","22-Jan-10"
"Columbia River Bankk","The Dalless","OOR","22469","Columbia State Bank","22-Jan-10"
"Premier American Bankk","Miami","FLL","57147","Premier American Bank, N.A..","22-Jan-10"
"Bank of Leeton","Leetonn","MO","8265","Sunfloweer Bank, N.A.","22-Jan-10"
"Evergreen Bankk","Seattlee","WAA","20501","Umpqua Bank","22-Jan-10"
"American Marine BBank","Bainbbridge Island","WWA","16730","Columbia State Bankk","29-Jan-10"
"First National Bank of Georgiaa","Carrolltonn","GA","16480","Community & Southern Bank","29-Jan-10"
"First Regional Bank","Los Angeles","CCA","23011","First-Citizens Bank & Trust Company","29-Jan-10"
"Florida Community Bankk","Immokalee","FLL","5672","Premier American Bank, N.A..","29-Jan-10"
"Community Bank and Trust","Corneliaa","GA","5702","SCBT National Association","29-Jan-10"
"Marshall Bank, N..A.","Hallock","MMN","16133","United Valley Bank","29-Jan-10"
"1st Americann State Bank of Minnesota","Hanncock","MMN","15448","Community Development Bank, FSB","5-Feb-10"
"The La Coste National Bank","La Costee","TX","3287","Community National Bankk","19-Feb-10"
"George Washingtonn Savings Bank","Orlaand Park","IIL","29952","FirstMerit Bank, N.A.","19-Feb-10"
"Marco Community Bank","Marco Island","FL","57586","Mutual of Omaha Bank","19-Feb-10"
"La Jolla Bank, FSB","La Jollla","CA","32423","OneWest Bank, FSBB","19-Feb-10"
"Carson River Community Bankk","Carson Cityy","NV","58352","Heritage Bank of Nevada","26-Feb-10"
"Rainier Pacific Bank","Tacoma","WAA","38129","Umpqua Bankk","26-Feb-10"
"Sun Americaan Bank","Boca Ratonn","FL","27126","First-Citizens Bank & Trust CCompany","5-Mar-10"
"Bankk of Illinois","Normal","IL","9268","Heartland Bank and Trust Companyy","5-Mar-10"
"Waterfield Bannk","Germantown","MDD","34976","","5-Mar-10"
"Centennial Bankk","Ogdenn","UTT","34430","","5-Mar-10"
"LibertyPointe Bank","New York","NYY","58071","Valley National Bank","11-Mar-10"
"Old Southern Bank","Orlandoo","FL","58182","Centennial Bank","12-Mar-10"
"Statewide Bank","Coviington","LA","29561","Home Bankk","12-Mar-10"
"The Park Avenue Bank","New Yorkk","NY","27096","Valley National Bankk","12-Mar-10"
"Century Security Bankk","Duluth","GAA","58104","Bank of Upsonn","19-Mar-10"
"Bank of Hiawasseee","Hiiawassee","GAA","10054","Citizens SSouth Bank","19-Mar-10"
"Appalachian Community Bank","Elliijay","GA","33989","Community & Southern Bankk","19-Mar-10"
"First Lowndes Bank","Fort Deposit","ALL","24957","First Citizens Bank","19-Mar-10"
"State Bank of Aurrora","Auroraa","MMN","8221","Northern State Bankk","19-Mar-10"
"Ammerican National Bank","Parma","OHH","18806","The National Bank and Trust Company","19-Mar-10"
"Advanta Bank Corrp.","Draper","UTT","33535","","19-Mar-10"
"Unity National Bank","Cartersvillee","GGA","34678","Bank of the Ozarks","26-Mar-10"
"Key West Bank","Key Westt","FLL","34684","Centennial Bank","26-Mar-10"
"McIntosh Commercial Bankk","Carrolltonn","GA","57399","CharrterBank","26-Mar-10"
"Desert Hills Bank","Phoenix","AZ","57060","New Yorkk Community Bank","26-Mar-10"
"Beach First National Bank","Myrtle Beachh","SC","34242","Bank of North Carolinaa","9-Apr-10"
"Innovative Bank","Oakland","CCA","23876","Center Bank","16-Apr-10"
"Butler Bankk","Lowelll","MA","26619","People's United Bank","16-Apr-10"
"AmericanFirst Bankk","Clermont","FL","57724","TD Bank, N.A..","16-Apr-10"
"Riverside National Bank of Florida","Fort Pierce","FL","24067","TD Bank, N.A.","16-Apr-10"
"First Federal Bank of North Floridaa","Palatkaa","FLL","28886","TDD Bank, N.A.","16-Apr-10"
"Tamalpais Bank","San Rafaell","CA","33493","UUnion Bank, N.A.","16-Apr-10"
"City Bankk","Lynnwood","WWA","21521","Whidbey Island Bankk","16-Apr-10"
"Lakeside Commuunity Bank","Sterling Heightss","MII","34878","","16-Apr-10"
"Peotone Bank and Trust Company","Peotonee","IIL","10888","First Midwest Bank","23-Apr-10"
"Amcore Bank, National Associationn","Rockford","IIL","3735","Harris N.A.","23-Apr-10"
"New Century Bank","Chicaggo","IIL","34821","MB Financial Bank, N.A.","23-Apr-10"
"Broadway Bankk","Chicagoo","IIL","22853","MB Financial Bank, N.A..","23-Apr-10"
"Lincoln Park Savings Bank","Chicagoo","ILL","30600","Northbrook Bank & Trust Companny","23-Apr-10"
"Citizens Bank and Trust Company of Chicago","Chicago","ILL","34658","Republic Bank of Chicago","23-Apr-10"
"Wheatland Bank","Naperville","IL","58429","Wheaton Bank & Trustt","23-Apr-10"
"Westernbank Puerto Ricoo","Mayaguezz","PPR","31027","Banco Popular de Puerto Ricoo","30-Apr-10"
"Champion Bank","Creve Coeur","MO","58362","BankLibertyy","30-Apr-10"
"BC NNational Banks","BButler","MOO","17792","Community First Bank","30-Apr-10"
"CF Bancoorp","Port Huronn","MII","30005","First Michigan Bank","30-Apr-10"
"Eurobank","San Juann","PRR","27150","Oriental Bank and Trustt","30-Apr-10"
"R-G Premier Bank of Puerto Rico","Hato Rey","PR","32185","Scotiabank de Puerto Ricoo","30-Apr-10"
"Frontier Bankk","Everettt","WAA","22710","Union Bank, N.A.","30-Apr-10"
"1st Pacific Bank of California","Sann Diego","CCA","35517","City National Bankk","7-May-10"
"Towne BBank of Arizona","Mesaa","AZ","57697","Commercce Bank of Arizona","7-May-10"
"The Bank of Bonifay","Bonifayy","FL","14246","First Federal Bank of Florida","7-May-10"
"Access Bank","Champlinn","MN","16476","PrinsBankk","7-May-10"
"Satilla Community Bank","Saint Marys","GAA","35114","Ameris Bank","14-May-10"
"New Liberty Bankk","Plymouthh","MII","35586","Bank of Ann AArbor","14-May-10"
"Midwest Bank and Trust Company","Elmwood Park","IIL","18117","FirstMerit Bank, N.A.","14-May-10"
"Southwest Community Bank","Springfieldd","MO","34255","Simmons First National Bankk","14-May-10"
"Pinehurst Bankk","Saint Paull","MNN","57735","Coulee Bankk","21-May-10"
"Sun West Baank","Las Vegass","NVV","34785","City National Bankk","28-May-10"
"Bankk of Florida - Southeast","Fort Lauderdale","FL","57360","EverBankk","28-May-10"
"Bank of Florida - Southwestt","Naples","FL","35106","EverBank","28-May-10"
"Bank of Florida - Tampaa","Tampa","FLL","57814","EverrBank","28-May-10"
"Granite Community Bank, NAA","Granite Bayy","CCA","57315","Tri Counties Bank","28-May-10"
"TierOne Bankk","Linncoln","NE","29341","Great Western Bank","4-Jun-10"
"First National Bank","RRosedale","MMS","15814","The Jefferrson Bank","4-Jun-10"
"Arcola Homestead Savings Bankk","Arcola","ILL","31813","","4-Jun-10"
"Washington First International Baank","Seattle","WAA","32955","East West Bankk","11-Jun-10"
"Nevada Security Bankk","RReno","NV","57110","Umpqua Bank","18-Jun-10"
"High Desert State Bankk","Albuquerquee","NNM","35279","First American Bankk","25-Jun-10"
"Penninsula Bank","Englewoodd","FLL","26563","Premier American Bank, N.A.","25-Jun-10"
"First National Bank","Savannahh","GGA","34152","The Savannah Bank, N.A..","25-Jun-10"
"Bay National Bank","Baltimoree","MD","35462","Bay Bank, FSBB","9-Jul-10"
"USA Bank","Port Chester","NYY","58072","New Century Bank","9-Jul-10"
"Home National Bank","Blackwelll","OK","11636","RCB Bankk","9-Jul-10"
"Ideal Federal Savings Bankk","Baltimoree","MD","32456","","9-Jul-10"
"Woodlands Bankk","Blufftonn","SCC","32571","Bank of the Ozarks","16-Jul-10"
"Olde Cypress Community Bank","Clewiston","FL","28864","CenterState Bank of Florida, N.A.","16-Jul-10"
"Mainstreet Savings Bank, FSBB","Hastings","MII","28136","Commercial Bankk","16-Jul-10"
"Turnberry Bank","Aventuraa","FL","32280","NAFH National Bank","16-Jul-10"
"Metro Bank of Dade Countty","Miami","FLL","25172","NAFH National Bank","16-Jul-10"
"First National Bank of the South","Spartanburgg","SCC","35383","NAFH National Bank","16-Jul-10"
"Williamsburg First National Bankk","Kingstreee","SC","17837","First Citizens Bank and Trust Company, Inc..","23-Jul-10"
"Sterling Bank","Lantana","FLL","32536","IBERIABANKK","23-Jul-10"
"SouthwestUSA Bank","Las Veggas","NV","35434","Plaza Bankk","23-Jul-10"
"Crescent Bank and Trust Companyy","Jasperr","GA","27559","Renasannt Bank","23-Jul-10"
"Community Security Bankk","New Praguee","MMN","34486","Roundbbank","23-Jul-10"
"Home Valley Bankk","Caave Junction","OR","23181","South Valley Bank & Trust","23-Jul-10"
"Thunder Bank","Syylvan Grove","KSS","10506","The Bennington State Bank","23-Jul-10"
"Coastal Community Bank","Panama City Beach","FLL","9619","Ceentennial Bank","30-Jul-10"
"Bayside Savings Bank","Port Saint Joe","FLL","57669","Centennial Bankk","30-Jul-10"
"The Cowlitz Bank","LLongview","WWA","22643","Heritage Bank","30-Jul-10"
"LibertyBankk","Eugenee","OR","31964","Home Federal  Bank","30-Jul-10"
"Northwest Bank & Trustt","Acworthh","GA","57658","State  Bank and Trust Company","30-Jul-10"
"Ravenswood Bankk","CChicago","IIL","34231","Northbrook Bank & Trust Company","6-Aug-10"
"Palos Bank and Trust Companyy","Palos Heightss","ILL","17599","First Midwest Bankk","13-Aug-10"
"Community National Bank at Bartoww","Bartoww","FFL","25266","CenterState Bank of Florida, N.A.","20-Aug-10"
"Independent National Bank","Ocaala","FL","27344","CenterState Bank of Floorida, N.A.","20-Aug-10"
"Los Padres Bankk","Soolvang","CCA","32165","Pacific Western Bankk","20-Aug-10"
"Butte Community Bankk","Chico","CA","33219","Rabobank, N.A..","20-Aug-10"
"Pacific State Bank","Stocktonn","CAA","27090","Rabobank, N.A..","20-Aug-10"
"Imperial SSavings and Loan Association","Martinsville","VAA","31623","River Community Bank, N.A..","20-Aug-10"
"ShoreBank","Chicago","ILL","15640","Urban Partnership Bankk","20-Aug-10"
"Sonoma Valley Bank","Sonomaa","CA","27259","Westamerica  Bank","20-Aug-10"
"Horizon Bank","Bradenton","FL","35061","Bank of the Ozarks","10-Sep-10"
"Firstt Commerce Community Bank","Douglasvville","GAA","57448","Community & Southern Bankk","17-Sep-10"
"Bank of Ellijayy","Ellijayy","GGA","58197","Community &  Southern Bank","17-Sep-10"
"The Peoples Bankk","Windder","GA","182","Community & Southern Bankk","17-Sep-10"
"ISN Bank","Cherry Hill","NNJ","57107","Customers Bankk","17-Sep-10"
"Bramble Savings Bank","Milford","OHH","27808","Foundation Bankk","17-Sep-10"
"Maritime Savings Bankk","West Allis","WII","28612","North Shore Bank, FSBB","17-Sep-10"
"Haven Trust Bank Florida","Ponte Vedra Beach","FL","58308","First Southern Bank","24-Sep-10"
"North County Bankk","Arlinngton","WAA","35053","Whidbey Island Bankk","24-Sep-10"
"Wakulla Bank","Crawfordville","FL","21777","Centennial Bankk","1-Oct-10"
"Shoreline Bank","Shoreliine","WWA","35250","GBC International Bank","1-Oct-10"
"WestBridge Bank and Trust Companyy","Chesterfieldd","MOO","58205","Midland States Bankk","15-Oct-10"
"Premier Bankk","Jefferson City","MO","34016","Providence Bannk","15-Oct-10"
"Security Savings Bank, F.S.B..","OOlathe","KSS","30898","Simmons First National Bank","15-Oct-10"
"First Bank of Jacksonville","Jacksonville","FL","27573","Ameris Bank","22-Oct-10"
"Progress Bank of Florida","Tampa","FL","32251","Bay Cities Bank","22-Oct-10"
"Hillcrest Bank","Overland Park","KS","22173","Hillcrest Bank, N.A..","22-Oct-10"
"The Gordon Bank","Gordoon","GAA","33904","Morris Bank","22-Oct-10"
"First Suburban National Bankk","Maywood","IL","16089","Seaway Bank and Trust Companyy","22-Oct-10"
"The First National Bank of Barnesville","Barnesville","GAA","2119","Unnited Bank","22-Oct-10"
"First Arizona Savings, A FSB","Scottsdalee","AZZ","32582","","22-Oct-10"
"Western Commercial Bank","Woodland Hillss","CA","58087","First California Bankk","5-Nov-10"
"First Vietnamese American Bank","Westminsterr","CAA","57885","Grandpoint Bank","5-Nov-10"
"Pierce Commercial Bankk","Tacoma","WAA","34411","Heritage Bankk","5-Nov-10"
"K Bank","Randallstownn","MD","31263","Manufacturers andd Traders Trust Company (M&T Bank)","5-Nov-10"
"Tifton Banking Companyy","Tifton","GAA","57831","Ameris Bankk","12-Nov-10"
"Darbby Bank & Trust Co.","Vidalia","GAA","14580","Ameris Bankk","12-Nov-10"
"Copper Star Bankk","Scottsddale","AZZ","35463","Stearns Bank, N.A..","12-Nov-10"
"Gulf State Community Bank","Carrabelle","FLL","20340","Centenniall Bank","19-Nov-10"
"First Banking Centerr","Burlingtonn","WI","5287","First Michigan Bank","19-Nov-10"
"Allegiance Bank of North America","Balla Cynwyd","PA","35078","VIST Bankk","19-Nov-10"
"Paramount Bank","Farmington Hillss","MMI","34673","Level One Baank","10-Dec-10"
"Earthstar Bankk","Southampton","PA","35561","Poolonia Bank","10-Dec-10"
"The Bank of Miami,N.A..","Coral Gables","FFL","19040","1st United Bankk","17-Dec-10"
"Chestatee State Bankk","Dawsonville","GA","34578","Bank of the Ozarkss","17-Dec-10"
"Community National Bank","Lino Lakess","MNN","23306","Farmers & Merchants Savings Bank","17-Dec-10"
"Appalachian Community Bank, FSB","McCaysville","GAA","58495","Peoples Bank of East Tennessee","17-Dec-10"
"First Southern Baank","Batesville","AR","58052","Southern Bankk","17-Dec-10"
"United Americas Bank, N.A..","Atlantaa","GA","35065","State Bank annd Trust Company","17-Dec-10"
"Legacy Bank","Scottsdale","AZZ","57820","Enterprise Bank & Trustt","7-Jan-11"
"First Commercial Bank of Florida","Orlandoo","FFL","34965","First Southern Bank","7-Jan-11"
"Oglethorpe Bankk","Bruunswick","GA","57440","Bank of the Ozarks","14-Jan-11"
"CommunitySouth Bank & Trust","Eaasley","SC","57868","CertusBank, National Associationn","21-Jan-11"
"The Bank of Asheville","Asheville","NNC","34516","First Bank","21-Jan-11"
"United Western Bankk","Denver","CO","31293","First-Citizens Bank & Trust Companyy","21-Jan-11"
"Enterprise Banking Companyy","McDonough","GGA","19758","","21-Jan-11"
"The First State Bank","Camargoo","OOK","2303","Bank 77","28-Jan-11"
"Evergreeen State Bank","Stoughton","WII","5328","McFarland State Bankk","28-Jan-11"
"First Community Bank","Taoss","NM","12261","U.S. Bank, N.A.","28-Jan-11"
"FirsTier Bankk","Louisvillee","CO","57646","","28-Jan-11"
"North Georgia Bank","Watkinsvillle","GA","35242","BankSouthh","4-Feb-11"
"Community First Bankk Chicago","Chicago","ILL","57948","Northbrook Bank & Trust Company","4-Feb-11"
"American Trust Bank","Roswelll","GA","57432","Renasant Bank","4-Feb-11"
"Peoples State Bankk","Hamtramck","MI","14939","First Michigan Bank","11-Feb-11"
"Canyon  National Bank","Palm Springss","CA","34692","Pacific Premier Bankk","11-Feb-11"
"Sunshine State Community Bankk","Port Orangee","FLL","35478","Premier American Bank, N.A..","11-Feb-11"
"Badger State Bank","Cassville","WI","13272","Royal Bank","11-Feb-11"
"Charter Oak Bank","Napa","CA","57855","Bank of Marinn","18-Feb-11"
"San Luis Trust Bank, FSBB","San LLuis Obispo","CCA","34783","First California Bank","18-Feb-11"
"Citizens Bank of Effinghamm","Springfield","GA","34601","Heritage Bank of the South","18-Feb-11"
"Habersham Bannk","Clarkessville","GA","151","SCBT National Associationn","18-Feb-11"
"Valley Community BBank","St. Charless","IIL","34187","Firsst State Bank","25-Feb-11"
"Legacyy Bank","Milwaukeee","WWI","34818","Seaway Bank and Trust Company","11-Mar-11"
"First National Bank of Daviss","Davis","OKK","4077","The Pauls Vallley National Bank","11-Mar-11"
"The Bank of Commercee","WWood Dale","IL","34292","Advantage National Bank Groupp","25-Mar-11"
"Nevvada Commerce Bank","Las Vegass","NVV","35418","Cityy National Bank","8-Apr-11"
"Western Springs National Bank and Trustt","Western Springss","ILL","10086","Heartlland Bank and Trust Company","8-Apr-11"
"Nexity Bankk","Birmingham","AL","19794","AloStar Bank of Commerce","15-Apr-11"
"RRosemount National Bank","Rosemountt","MNN","24099","Central Bank","15-Apr-11"
"New Horizons Bank","East Ellijayy","GAA","57705","Citizens South Bank","15-Apr-11"
"Bartow County Bank","Cartersville","GGA","21495","Hamilton State Bank","15-Apr-11"
"Superrior Bank","Birmingham","AAL","17750","Superior Bank, National Association","15-Apr-11"
"Heritage Banking Group","CCarthage","MSS","14273","Trustmark National Bank","15-Apr-11"
"First Choice Community Bankk","Dallas","GA","58539","Bank of the Ozarkss","29-Apr-11"
"The Park Avenue Bankk","Valdostta","GAA","19797","Bank of the Ozarkss","29-Apr-11"
"Cortez Community Bankk","Brooksville","FL","57625","Florida Community Bank, a division of Premier American Bank, N.A.","29-Apr-11"
"First National Bank of Central Floridaa","Winter Park","FFL","26297","Florida Community Bank, a division of Premier American Bank, N.A.","29-Apr-11"
"Community Central Bank","Mount Clemenss","MI","34234","Taalmer Bank & Trust","29-Apr-11"
"Coastal Bankk","Cocoa Beachh","FLL","34898","Florida Community Bank, a division of Premier American Bank, N.A.","6-May-11"
"Firrst Georgia Banking Company","Franklinn","GAA","57647","CertusBank, National Associationn","20-May-11"
"Atlantic Southern Bank","Maconn","GGA","57213","CertusBank, National Association","20-May-11"
"Summit Bankk","Burlington","WA","513","Columbia State Bankk","20-May-11"
"First Heritage Bank","Snohomishh","WA","23626","Columbia  State Bank","27-May-11"
"Atlantic Bank and Trustt","Charlestton","SSC","58420","First Citizens Bank and Trust CCompany, Inc.","3-Jun-11"
"McIntosh State Bankk","Jaackson","GA","19237","Hamilton State Bankk","17-Jun-11"
"First Commercial Bank of Tampa Bay","Tampa","FL","27583","Stonegate Bankk","17-Jun-11"
"Mountain Heritage Bank","Claytoon","GAA","57593","First American Bank and Trust Company","24-Jun-11"
"Colorado Capital Bank","Castle Rockk","COO","34522","First-Citizens Bank & Trust Companyy","8-Jul-11"
"First Chicago Bank & Trust","Chicagoo","IIL","27935","Northbrook Bank & Trust Company","8-Jul-11"
"Signature Bankk","Windsor","CCO","57835","Points West Community Bank","8-Jul-11"
"One Georgia BBank","Atllanta","GAA","58238","Ameris Bank","15-Jul-11"
"High Trust Bankk","Stockbridgee","GA","19554","Ameris Bank","15-Jul-11"
"First Peoples Bankk","Port St. Luciee","FLL","34870","Premier American Bank, N.A.","15-Jul-11"
"Summit Bankk","Prescottt","AZ","57442","The Foothills Bankk","15-Jul-11"
"Southshore Community Bank","Apollo Beach","FL","58056","American Moomentum Bank","22-Jul-11"
"LandMark BBank of Florida","Sarasotaa","FLL","35244","AAmerican Momentum Bank","22-Jul-11"
"Bank of Choicee","Grreeley","COO","2994","Bank Midwest, N.A..","22-Jul-11"
"Integra Bank National Associationn","Evansvillee","IIN","4392","Old National Bankk","29-Jul-11"
"BankMeridian, N.A.","Columbiaa","SC","58222","SCBT National Associationn","29-Jul-11"
"Virginia Business Bank","Richmondd","VA","58283","Xennith Bank","29-Jul-11"
"Bank of Whitman","Colfaxx","WAA","22528","Columbia State Bank","5-Aug-11"
"Bank of Shorewood","Shorewood","IIL","22637","Heartland Bank and Trust Company","5-Aug-11"
"The First National Bank of Olathe","Olathe","KSS","4744","Enterprise Bank & Trustt","12-Aug-11"
"Publiic Savings Bank","HHuntingdon Valley","PAA","34130","Capital  Bank, N.A.","18-Aug-11"
"First Southern National Bank","Statesboro","GAA","57239","Heritage Bank of the South","19-Aug-11"
"First Choice Bankk","Geneva","IL","57212","Inland Bank & Trustt","19-Aug-11"
"Lydian Private Bankk","Palm Beachh","FLL","35356","Sabadell United Bank, N.A..","19-Aug-11"
"Patriot Bank of Georgia","Cummming","GAA","58273","Georgia Commerce Bankk","2-Sep-11"
"CreekSidee Bank","Woodstock","GAA","58226","Georgia Commerce Bankk","2-Sep-11"
"The First National Bank of Florida","Milton","FLL","25155","CharterBank","9-Sep-11"
"Bank of the Commonwealthh","Norfolk","VA","20408","Southern Bank and Trust Commpany","23-Sep-11"
"Citizens Bank of Northern Californiaa","Nevada Cityy","CAA","33983","Tri Counties Bank","23-Sep-11"
"First Interrnational Bank","Planoo","TTX","33513","American First National Bankk","30-Sep-11"
"The RiverBank","Wyomingg","MN","10216","Centraal Bank","7-Oct-11"
"Sun Security Bankk","Ellingtton","MO","20115","Great Southern Bankk","7-Oct-11"
"Blue Ridge Savings Bank, Inc..","Ashevillee","NNC","32347","Bank of North Carolina","14-Oct-11"
"Country Bankk","Aledo","IL","35395","Blackhawk Bank & Trustt","14-Oct-11"
"First State Bankk","Cranford","NJJ","58046","Northfield Bankk","14-Oct-11"
"Piedmont Community Bankk","Gray","GA","57256","State Bank and Trust Companyy","14-Oct-11"
"Old Harbor Bank","Clearwaterr","FLL","57537","1st United Bank","21-Oct-11"
"Community Banks of Colorado","Greenwoodd Village","CCO","21132","Bank Midwest, N..A.","21-Oct-11"
"Decatur Firsst Bank","DDecatur","GGA","34392","Fidelity Bannk","21-Oct-11"
"Community Capital Bank","Jonesboroo","GGA","57036","State Bank and Trust Commpany","21-Oct-11"
"All Ammerican Bank","Des Plainess","IIL","57759","International Bank of Chicago","28-Oct-11"
"SunFirst Bank","Saint George","UT","57087","Cache Valley Bankk","4-Nov-11"
"Mid City Bank, Inc.","Omahaa","NEE","19397","Premier Bankk","4-Nov-11"
"Community Bank of Rockmartt","Rockkmart","GA","57860","Century Bank of Geoorgia","10-Nov-11"
"Central Progressivee Bank","Lacombee","LA","19657","First NBC Bankk","18-Nov-11"
"Polk County Bank","Johnstonn","IAA","14194","Grinnell State Bankk","18-Nov-11"
"Premier Community Bank of the Emerald Coastt","Crestvieww","FFL","58343","Summit Bank","16-Dec-11"
"Western National Bank","Phoenix","AZ","57917","Washington Federall","16-Dec-11"
"American Eagle Savings Bankk","Boothwyn","PA","31581","Capital Bank, N.A.","20-Jan-12"
"Central Florida Statee Bank","Belleview","FLL","57186","CenterState Bank of Florida, NN.A.","20-Jan-12"
"The First State Bankk","Stockbridge","GAA","19252","Hamilton State Bank","20-Jan-12"
"First Guaranty Bank and Trust Company of Jacksonville","Jacksonville","FL","16579","CenterState Bank of Florida, N.A..","27-Jan-12"
"Patriot Bank Minnesotaa","Forest Lake","MMN","34823","First Resource Bank","27-Jan-12"
"Tennessee Commerce Bank","Frankliin","TNN","35296","Republic Bank & Trust Companyy","27-Jan-12"
"BankEast","Knoxville","TNN","19869","U.S. Bank, N.A.","27-Jan-12"
"Charter National Bank and Trustt","Hoffman Estates","IL","23187","Barrington Bank & Trust Company, National Association","10-Feb-12"
"SCB  Bank","Shelbyville","IIN","29761","First Merchants Bank, National Associationn","10-Feb-12"
"Central Bank of Georgia","Ellavillee","GAA","5687","Ameris Bankk","24-Feb-12"
"Home Savings of America","Little Fallss","MN","29178","","24-Feb-12"
"Global Commerce Bankk","Doraville","GA","34046","Metro City Bank","2-Mar-12"
"New City Bank","Chicaggo","ILL","57597","","9-Mar-12"
"Prremier Bank","Wilmeette","IIL","35419","International Bank of Chicagoo","23-Mar-12"
"Covenant Bank & Trustt","Rock Spring","GAA","58068","Stearns Bank, N.A..","23-Mar-12"
"Fidelity Bankk","Dearborn","MI","33883","The Huntington National Bank","30-Mar-12"
"Fort Lee Fedderal Savings Bank, FSB","Fort Lee","NJJ","35527","Alma Baank","20-Apr-12"
"Plantation Federal Bank","Pawleys Island","SCC","32503","First Federal Bankk","27-Apr-12"
"Inter Savings Bank, fsb D/B/A InterBank, fsbb","Maple Grovee","MN","31495","Great Southern Bank","27-Apr-12"
"Palm Desert National Bankk","Palm Desert","CCA","23632","Pacific Premier Bank","27-Apr-12"
"HarVest Bank of Marylandd","Gaithersburg","MD","57766","Sonabankk","27-Apr-12"
"Bank of the Eastern Shore","Cambridgee","MD","26759","","27-Apr-12"
"Security Bank, National Association","North Lauderdale","FL","23156","Baanesco USA","4-May-12"
"Alabama Trust Bank, National Association","Sylacaugaa","AAL","35224","Southern States Bankk","18-May-12"
"Carolina Federal Savings Bank","Charleston","SC","35372","Bank of North Carolinna","8-Jun-12"
"First Capital Bankk","Kingfisher","OKK","416","F & M Bankk","8-Jun-12"
"Waccamaw Bank","Whiteville","NC","34515","First Community Bank","8-Jun-12"
"Farmers' and Traders' State Bank","Shabbona","ILL","9257","First State Bankk","8-Jun-12"
"The Farmers Bank of Lynchburg","Lynchburgg","TNN","1690","Clayton Bank and Trrust","15-Jun-12"
"Security Exchhange Bank","Mariettaa","GA","35299","Fidelity Bankk","15-Jun-12"
"Putnam State Bank","Palattka","FL","27405","Harbor Community Bankk","15-Jun-12"
"Montgomery Bank & Trustt","Ailey","GAA","19498","Ameris Bankk","6-Jul-12"
"Glasgow Savings Bankk","Glasgow","MOO","1056","Regional Missouri Bank","13-Jul-12"
"Georrgia Trust Bank","Buford","GGA","57847","Community & Southern Bankk","20-Jul-12"
"First Cherokee State Bank","Woodstock","GAA","32711","Community & Southern Bankk","20-Jul-12"
"The Royal Palm Bank of Florida","Napless","FL","57096","First National Bank of the Gulf Coast","20-Jul-12"
"Second Federal Savings and Loan Association of Chhicago","Chicagoo","IL","27986","Hinsdale Bank & Trust Companyy","20-Jul-12"
"HHeartland Bank","Leawoood","KS","1361","Metcalf Bankk","20-Jul-12"
"Jasper Banking Company","Jasper","GGA","16240","Stearns  Bank N.A.","27-Jul-12"
"Waukegan Savings Bankk","Waukkegan","IL","28243","First Midwest Bank","3-Aug-12"
"First Commercial Bank","Bloomingtonn","MMN","35246","Republic Bank & Trust Company","7-Sep-12"
"Truman Bannk","St. Louiss","MOO","27316","Simmons First National Bank","14-Sep-12"
"First United Bank","Crrete","IIL","20685","Old Plank Trail Community Bank, National Association","28-Sep-12"
"Exxcel Bank","Sedalia","MOO","19189","Simmons First National Bankk","19-Oct-12"
"GulfSouth Private Bankk","Desttin","FL","58073","SmmartBank","19-Oct-12"
"First East Side Savingss Bank","Tamarac","FL","28144","Stearns Bank N.A..","19-Oct-12"
"NOVA Bank","Berwyn","PAA","27148","","26-Oct-12"
"Heritage Bank of Florida","Lutz","FLL","35009","Centennial Bank","2-Nov-12"
"Citizens First National Bankk","Princetonn","ILL","3731","Heartland Bank and Trust Company","2-Nov-12"
"Hometoown Community Bank","Braseltonn","GA","57928","CertusBank, National Association","16-Nov-12"
"Community Bank of the Ozarks","Sunrise Beachh","MOO","27331","Bank of Sullivann","14-Dec-12"
"Westside Community Bankk","University Place","WWA","33997","Sunwest Bank","11-Jan-13"
"1st Regents Bank","Andover","MMN","57157","First Minnesota Bankk","18-Jan-13"
"Covenant Bankk","Chicago","IIL","22476","Liberty Bank and Trust Company","15-Feb-13"
"Frontier Bank","LaGrangee","GAA","16431","HeritageBank of the South","8-Mar-13"
"Gold Canyon Bankk","Gold Canyonn","AZ","58066","First Scottsdale Bank, National Associationn","5-Apr-13"
"Chipola Community Bank","Marianna","FFL","58034","First Federal Bank of Floridaa","19-Apr-13"
"Heritage Bank of North Florida","Orange Parkk","FFL","26680","FirstAtlantic Bankk","19-Apr-13"
"First Federal Bankk","Lexington","KKY","29594","Your  Community Bank","19-Apr-13"
"Parkway Bank","LLenoir","NNC","57158","CertusBank, National Associationn","26-Apr-13"
"Douglas Countyy Bank","Douglasviille","GGA","21649","Hamilton State Bankk","26-Apr-13"
"Pisgah Community Bank","Asheville","NCC","58701","Capital Bank, N.A.","10-May-13"
"SSunrise Bank","Valdostaa","GAA","58185","Synovus Bank","10-May-13"
"Central Arizona Bank","Scottsdale","AZZ","34527","Western State Bankk","14-May-13"
"Banks of Wisconsin d/b/a Bank of Kenosha","Kenosha","WI","35386","North Shore Bank, FSBB","31-May-13"
"1st Commerce Bank","North Las Veegas","NNV","58358","Plaza Bank","6-Jun-13"
"Mountain National Bank","Sevierville","TNN","34789","First Tennesseee Bank, National Association","7-Jun-13"
"First Community Bank of Southwest Florida (also operating as Community Bank of Cape Coraal)","Fort Myers","FFL","34943","C1 Bankk","2-Aug-13"
"Bank of Wausau","Wausau","WWI","35016","Nicolet National Bankk","9-Aug-13"
"Commmunity South Bank","Parsons","TNN","19849","CB&S Bank, Inc..","23-Aug-13"
"Sunrise Bank of Arizonaa","Phoenixx","AAZ","34707","First Fidelity Bank, National Association","23-Aug-13"
"First National Bank also operrating as The National Bank of El Paso","Edinburgg","TTX","14318","PlainsCapital Bankk","13-Sep-13"
"The Community's Bank","Bridgeport","CT","57041","","13-Sep-13"
"Bank of Jackkson County","Graceville","FL","14794","First Federal Bank of FFlorida","30-Oct-13"
"Texas Community Bank, National Association","The Wooddlands","TXX","57431","Spirit of Texas Bank, SSB","13-Dec-13"
"DuPage National Bank","Weest Chicago","IL","5732","Republic Bank of Chicago","17-Jan-14"
"The Bank of Union","El Reeno","OKK","17967","BancFirstt","24-Jan-14"
"Syyringa Bank","Boise","IDD","34296","Sunwest Bankk","31-Jan-14"
"Vantaage Point Bank","Horsham","PPA","58531","First Choice Bank","28-Feb-14"
"Millennium Bank, National Association","Stterling","VA","35096","WashingtonFirst Bannk","28-Feb-14"
"Allendale County Bankk","Fairfax","SCC","15062","Palmetto State Bankk","25-Apr-14"
"AztecAmerica Bankk","Berwyn","IL","57866","Republic Bank off Chicago","16-May-14"
"Columbia Savings Bankk","Cincinnatii","OH","32284","United Fidelity Bank, fsb","23-May-14"
"Slavie Federal Savings Bank","Bel Airr","MD","32368","BBay Bank, FSB","30-May-14"
"Valley Bankk","Moline","ILL","10450","Great Southhern Bank","20-Jun-14"
"Valley Bank","Fort Lauderdale","FLL","21793","Landmark Bank, National Association","20-Jun-14"
"The Freedom  State Bank","Freeedom","OKK","12483","Alva State Bank & Trust Companyy","27-Jun-14"
"Eastside  Commercial Bank","Conyeers","GGA","58125","Communitty & Southern Bank","18-Jul-14"
"GreenChoice  Bank, fsb","Chicaggo","ILL","28462","Providence Bank, LLCC","25-Jul-14"
"NBRS Financiaal","Risinng Sun","MDD","4862","Howard Bank","17-Oct-14"
"The NNational Republic Bank of Chicago","CChicago","ILL","916","State  Bank of Texas","24-Oct-14"
"Frontier Bank, FSB D/B/A El Paseo Bankk","Palm Desert","CAA","34738","Bank of Southern Californiia, N.A.","7-Nov-14"
"Northhern Star Bank","MMankato","MN","34983","BankVista","19-Dec-14"
"First National Bank of Crestvieww","Crestview","FFL","17557","Firrst NBC Bank","16-Jan-15"
"Highland Community Bank","Chicagoo","IIL","20290","United Fidelity Baank, fsb","23-Jan-15"
"Capitol City Bank & Trust Company","Atlantaa","GA","33938","First-Citizens Bank & Trust Company","13-Feb-15"
"Doral Bankk","San Juan","PRR","32102","Banco Popular de Puerto Ricoo","27-Feb-15"
"Edgebrook Bankk","Chicagoo","IL","57772","Republic Bank of Chicagoo","8-May-15"
"Prremier Bank","Denveer","CCO","34112","United Fidelity Bank, fsb","10-Jul-15"
"The Bank of Georgia","Peachtree Cityy","GA","35259","Fidelity Bank","2-Oct-15"
"Hometown National Bankk","Longview","WA","35156","Twin City Bank","2-Oct-15"
"North Milwaukee State Bankk","Milwaukkee","WWI","20364","First-Citizens Bank & Trust Companyy","11-Mar-16"
"Trust Company Bank","Memphiss","TN","9956","The Bank of Fayette County","29-Apr-16"
"First CornerStone Bank","King of Prussiaa","PAA","35312","First-Citizens Bank & Trusst Company","6-May-16"
"The Woodbury Banking Company","Woodburyy","GA","11297","United Bank","19-Aug-16"
"Allied Bankk","Mulberry","ARR","91","Today's Bank","23-Sep-16"
"Harvest Community Bank","Pennsvillee","NJJ","34951","First-Citizens Bank & Trust Companyy","13-Jan-17"
"Seaway Bank and Trust Companyy","Chicagoo","IL","19328","Sttate Bank of Texas","27-Jan-17"
"Proficio Bankk","Cottonwood Heights","UTT","35495","Cache Vallley Bank","3-Mar-17"
"First NBC  Bank","New Orleanss","LA","58302","Whitney Bankk","28-Apr-17"
"Guaranty Bank, (d/b/a BestBank in Georgia & Michigan))","Milwaukeee","WWI","30003","First-Citizens Bank & Trust Company","5-May-17"
"Fayette County Bank","Saint Elmo","IIL","1802","United Fidelity Bank, fsb","26-May-17"
"The Farmers and Merchants State Bank of Arrgonia","Argoniaa","KSS","17719","Conway Bankk","13-Oct-17"
"Washington Federal Bank ffor Savings","Chicagoo","IIL","30570","Royal Savings Bank","15-Dec-17"
"The Enloe State Bankk","Cooper","TXX","10716","Legend Bank, N. A.","31-May-19"
"Resolute Bankk","Maaumee","OH","58317","Buckeye State Bank","25-Oct-19"
"Louisa Community Bankk","Louisaa","KY","58112","Kentucky Farmers Bank Corporationn","25-Oct-19"
"City National Bank of New Jerseyy","Newarkk","NJ","21111","Industrial Bankk","1-Nov-19"
"Ericson Statee Bank","Ericson","NEE","18265","Farmers and Merchants Bank","14-Feb-20"
"The First State Bank","Barboursville","WV","14361","MVB Bank, Inc..","3-Apr-20"
