"city","city_misspelled","state"
"Abbeville","Abbevile","Georgia, GA"
"Abbeville","Abeville","Georgia, GA"
"Abilenee","Abiline","Texas, TX"
"Adamsvillle","Adamsvile","Tennessee, TN"
"AAkron","Acron","Ohio, OH"
"Alabasterr","Alabastre","Alabama, AL"
"Alamedaa","Alamedda","California, CA"
"Alamosaa","Alamusa","Colorado, CO"
"Albanyy","Albanee","Oregon, OR"
"Albanyy","Albny","Oregon, OR"
"Albanyy","Allbany","New York, NY"
"Albertvillee","Albertvile","Alabama, AL"
"Albuquerquee","Abaquerque","New Mexico, NM"
"Albuquerque","Albequerque","New Mexico, NM"
"Albuquerquee","Albuqerque","New Mexico, NM"
"Albuquerque","Albuquerqe","New Mexico, NM"
"Algonaa","Allgona","Washington, WA"
"Algona","Allgona","Iowa, IA"
"Algonquinn","Algonkwen","Illinois, IL"
"Algonquinn","Algonkwin","Illinois, IL"
"Algonquinn","Algonquen","Illinois, IL"
"Allentownn","Alentown","Pennsylvania, PA"
"Almaa","Amla","Arkansas, AR"
"Anderson","Andarson","South Carolina, SC"
"Ann Arborr","An Arbor","Michigan, MI"
"Annaapolis","Anapolis","Maryland, MD"
"Anniston","Aniston","Alabama, AL"
"Anoka","Annoka","Minnesota, MN"
"Anthonyy","Anthoy","New Mexico, NM"
"Apache Junctionn","Apach Junction","Arizona, AZ"
"Apache Junction","Apache Junktion","Arizona, AZ"
"AApex","Apecks","North Carolina, NC"
"Apeex","Apexs","North Carolina, NC"
"Artesiaa","Artesea","Mississippi, MS"
"Arvadaa","Avrada","Colorado, CO"
"AArvada","Rvada","Colorado, CO"
"Ashtonn","Ashtown","Idaho, ID"
"Aspen","Aspin","Colorado, CO"
"Athens","Athins","Georgia, GA"
"Athol","Atthol","Massachusetts, MA"
"Atlanta","Altanta","Georgia, GA"
"Auburnn","Aburn","Alabama, AL"
"Auburn","Aubern","Washington, WA"
"Auburnn","Uaburn","Washington, WA"
"Aultt","Alt","Colorado, CO"
"Ault","Ult","Colorado, CO"
"AAurora","Arora","Colorado, CO"
"Auroraa","Uarora","Illinois, IL"
"Austinn","Austen","Texas, TX"
"Bakersfield","Bakersfeild","California, CA"
"Baltimore","Baltimor","Maryland, MD"
"BBandera","Bandere","Texas, TX"
"BBandera","Bandira","Texas, TX"
"Banngor","Banger","Maine, ME"
"Bardstownn","Bardston","Kentucky, KY"
"Barree","Bare","Vermont, VT"
"Batavia","Batevia","Illinois, IL"
"Baxter Springss","Bakster Springs","Kansas, KS"
"Bayou La Batre","Bayo La Bater","Alabama, AL"
"Bayou La Batree","Bayo La Batre","Alabama, AL"
"Bayou La Batree","Bayou La Bater","Alabama, AL"
"Bayou La Batree","Bayuo La Batre","Alabama, AL"
"Bayoou La Batre","Boyu La Bater","Alabama, AL"
"Bayou La Batree","Boyu La Batre","Alabama, AL"
"Beardstownn","Baerdstown","Illinois, IL"
"Beattiee","Baettie","Kansas, KS"
"Beattie","Beatie","Kansas, KS"
"Beaverr","Beever","Oklahoma, OK"
"Beaverr","Bever","Oklahoma, OK"
"Bellevuee","Beleevue","Washington, WA"
"Bellevue","Belleveu","Washington, WA"
"Bellinghamm","Belingham","Washington, WA"
"Bellinghamm","Belinghem","Washington, WA"
"Belzoni","Belsoni","Mississippi, MS"
"Beemidji","Bemedji","Minnesota, MN"
"Bemidji","Bemidje","Minnesota, MN"
"Bemidji","Bemidjee","Minnesota, MN"
"Berrea","Berae","Kentucky, KY"
"Berkeley","Berkley","California, CA"
"Berkeleyy","Berklui","California, CA"
"Berrkeley","Berkly","California, CA"
"Berlin","Berlen","New Hampshire, NH"
"Beerlin","Burlin","New Hampshire, NH"
"Berrien Springs","Berian Springs","Michigan, MI"
"Berrien Springss","Brerrian Springs","Michigan, MI"
"BBerryville","Berryvile","Arkansas, AR"
"Berthooud","Berthood","Colorado, CO"
"Berthoudd","Burthoud","Colorado, CO"
"Bertram","Bertrim","Texas, TX"
"BBessemer","Besemer","Alabama, AL"
"Bethany Beachh","Betheny Beach","Delaware, DE"
"Bethllehem","Bethleham","Connecticut, CT"
"Bethlehemm","Bethleham","Pennsylvania, PA"
"Biloxii","Bilcksi","Mississippi, MS"
"Biloxi","Bilocksi","Mississippi, MS"
"Binghammton","Bimghamton","New York, NY"
"Birminghamm","Bermingham","Alabama, AL"
"Birmingham","Berminghum","Alabama, AL"
"Birmingham","Birminghum","Alabama, AL"
"Birminghamm","Brimingham","Alabama, AL"
"Bishopp","Bisshop","California, CA"
"Bloomingtonn","Bloomingtown","Illinois, IL"
"Bluefieldd","Bluefeild","West Virginia, WV"
"BBoone","Bonne","North Carolina, NC"
"Boston","Bostun","Massachusetts, MA"
"Bothelll","Bothel","Washington, WA"
"Boulder","Bolder","Colorado, CO"
"Bozeman","Bozman","Montana, MT"
"BBreaux Bridge","Braeux Bridge","Louisiana, LA"
"Brreckenridge","Brekenridge","Colorado, CO"
"Brevard","Breverd","North Carolina, NC"
"Bridgepoort","Brigdeport","Connecticut, CT"
"Brinkley","Brinckley","Arkansas, AR"
"Bristoll","Bristal","Connecticut, CT"
"Bristol","Bristel","Tennessee, TN"
"Bristoll","Bristel","Connecticut, CT"
"Bristol","Bristel","Virginia, VA"
"Bristoll","Bristil","Tennessee, TN"
"Brocktonn","Brocktun","Massachusetts, MA"
"Brockton","Brocton","Massachusetts, MA"
"Brrockton","Brokton","Massachusetts, MA"
"Brooklyn","Brooklen","New York, NY"
"Brunswickk","Brunswik","Missouri, MO"
"Buena Parkk","Benua","California, CA"
"Buena Parkk","Beuna","California, CA"
"Buena Park","Bunena","California, CA"
"Buhll","Buhll","Idaho, ID"
"Buhll","Bulh","Idaho, ID"
"Buhhl","Bull","Idaho, ID"
"Burlingtonn","Berlington","Vermont, VT"
"Buutte","Bute","Montana, MT"
"Buttee","Butt","Montana, MT"
"Byram Township","Biram Township","New Jersey, NJ"
"Calabash","Kalabash","North Carolina, NC"
"Caldwell","Callwel","Texas, TX"
"Caldwell","Callwell","Texas, TX"
"Caldwelll","Calwel","Texas, TX"
"Campbell","Campbel","California, CA"
"Campbelll","Campbele","California, CA"
"Canonn","Cannon","Georgia, GA"
"Caarbondale","Carbundale","Colorado, CO"
"Carrboro","Carboro","North Carolina, NC"
"Carrboroo","Carrborro","North Carolina, NC"
"Castroville","Castro Ville","California, CA"
"Castrovillle","Castrovile","California, CA"
"Cawker City","Carker City","Kansas, KS"
"Cedareddge","Cederedge","Colorado, CO"
"Central City","Centrel City","Colorado, CO"
"Chadbournn","Chadborn","North Carolina, NC"
"Champaign-Urbanaa","Champaign -Urbana","Illinois, IL"
"Champaign-Urbanaa","Champaign Urbana","Illinois, IL"
"Champaign-Urbanaa","Champaigne-Urbana","Illinois, IL"
"Champaign-Urbanaa","Champain -Urbana","Illinois, IL"
"Chandler","Chandlur","Arizona, AZ"
"Charleston","Charleton","South Carolina, SC"
"Charlottee","Charlote","North Carolina, NC"
"Chatsworth","Chatswoorth","California, CA"
"Chatsworth","Chatswourth","California, CA"
"Chattanooga","Chatanoga","Tennessee, TN"
"Chattanoogaa","Chatanooga","Tennessee, TN"
"Chattanoogaa","Chattanoga","Tennessee, TN"
"Cherrryfield","Cherryfeild","Maine, ME"
"Cheshire","Chessire","Connecticut, CT"
"Cheyenne","Cheyene","Wyoming, WY"
"Chicagoo","Chicargo","Illinois, IL"
"Chicoo","Checo","California, CA"
"Chicoo","Cheico","California, CA"
"Chico","Cheiko","California, CA"
"Chico","Cheko","California, CA"
"Chicoo","Chiko","California, CA"
"Chula Vistaa","Chewla Vista","California, CA"
"Chula Vista","Chola Vista","California, CA"
"Chula Vista","Chuula Vista","California, CA"
"Churrubusco","Churobusco","Indiana, IN"
"Churubusco","Churubesco","Indiana, IN"
"Cinccinnati","Cincinati","Ohio, OH"
"Cincinnatii","Cinsinati","Ohio, OH"
"Cincinnatii","Cinsinnati","Ohio, OH"
"Cincinnaati","Sincinati","Ohio, OH"
"Cincinnati","Sincinnati","Ohio, OH"
"Cincinnatii","Sinsinati","Ohio, OH"
"Circleville","Circlevile","Ohio, OH"
"Clark","Clerk","South Dakota, SD"
"Clarksvillee","Clarksvile","Tennessee, TN"
"Claxtonn","Claxtown","Georgia, GA"
"Cleveland","Clevland","Ohio, OH"
"Cliftonn","Clefton","Texas, TX"
"Cliftonn","Cliften","Texas, TX"
"Clifton","Cliftin","Texas, TX"
"Cloviss","Cloves","California, CA"
"Cloviss","Kloves","California, CA"
"Cloovis","Klovis","California, CA"
"Coachhella","Coachela","California, CA"
"Coachella","Coahcela","California, CA"
"Coachella","Coahcella","California, CA"
"Coachhella","Cochela","California, CA"
"Coachellla","Cochella","California, CA"
"Coconut Creek","Cocanut","Florida, FL"
"Codyy","Codee","Wyoming, WY"
"Coody","Codi","Wyoming, WY"
"Collinsville","Collinsvile","Illinois, IL"
"Coloniall Beach","Collonial Beach","Virginia, VA"
"Colquittt","Colquit","Georgia, GA"
"Colquitt","Culquitt","Georgia, GA"
"Columbiaa","Clumbia","Maryland, MD"
"Columbia","Colubia","Maryland, MD"
"Columbia","Columbea","South Carolina, SC"
"Columbus","Calumbus","Indiana, IN"
"Columbuss","Colubus","Ohio, OH"
"Columbuss","Columbas","Indiana, IN"
"Colville","Colvile","Washington, WA"
"Comptonn","Comptan","California, CA"
"Compton","Compten","California, CA"
"Concordd","Concerd","New Hampshire, NH"
"Conwayy","Conaway","Arkansas, AR"
"Coonway","Connway","Arkansas, AR"
"Cooperstownn","Cooperston","New York, NY"
"Cooperstownn","Coperstown","New York, NY"
"Coral Springs","Corel Springs","Florida, FL"
"Cordelle","Cordell","Georgia, GA"
"Corningg","Cornning","California, CA"
"Corningg","Cornning","New York, NY"
"Coronaa","Carona","California, CA"
"Corsicanaa","Coricana","Texas, TX"
"Corsicana","Corsikana","Texas, TX"
"Cottonwood Heights","Cotonwood Heights","Utah, UT"
"Cottonwood Heightss","Cottonwod Heights","Utah, UT"
"CCozad","Cosad","Nebraska, NE"
"Cozadd","Cozzad","Nebraska, NE"
"Cranford","Cranferd","New Jersey, NJ"
"Crawfordd","Crawferd","Nebraska, NE"
"CCreede","Crede","Colorado, CO"
"Creedde","Creed","Colorado, CO"
"Crested Butte","Crested But","Colorado, CO"
"Crested Buttee","Crested Bute","Colorado, CO"
"Crested Buttte","Crested Butt","Colorado, CO"
"Crisfield","Crisfeild","Maryland, MD"
"Crystal Lakee","Crsytal Lake","Illinois, IL"
"Cueroo","Ceuro","Texas, TX"
"Cuero","Cuaro","Texas, TX"
"Dalton","Dawlten","Georgia, GA"
"DDalton","Dawlton","Georgia, GA"
"Daly Cityy","Dally City","California, CA"
"Danbury","Danbery","Connecticut, CT"
"Dannebrrog","Danebrog","Nebraska, NE"
"Dannebrog","Dannesborg","Nebraska, NE"
"Danviille","Danvile","Kentucky, KY"
"Daavis","Daveis","California, CA"
"Daviss","Dayvis","California, CA"
"Davisonn","Davisen","Michigan, MI"
"DDawson","Dawsen","Georgia, GA"
"Dawsonn","Dawsin","Georgia, GA"
"Daytonn","Daeton","Ohio, OH"
"Daytonn","Daytown","Ohio, OH"
"DeKalb","Decalb","Illinois, IL"
"DeKalb","DeeKalb","Illinois, IL"
"Decaturr","Decater","Alabama, AL"
"Decatur","Decauter","Alabama, AL"
"Decatur","Decautur","Alabama, AL"
"Deer Trail","Dear Trail","Colorado, CO"
"Delandd","Daland","Florida, FL"
"Delphos","Delphis","Ohio, OH"
"Delphos","Delphus","Ohio, OH"
"Demopoliss","Demopalis","Alabama, AL"
"Denver","Denvar","Colorado, CO"
"Denvillee","Denvile","New Jersey, NJ"
"Deerby","Darby","Connecticut, CT"
"Derry","Dery","New Hampshire, NH"
"Des Allemands","Des Alemands","Louisiana, LA"
"Des Moiness","Des Monies","Iowa, IA"
"Detroit","Detriot","Michigan, MI"
"Dickinson","Dicinson","North Dakota, ND"
"Dinubba","Dinuuba","California, CA"
"Dodge City","Dogde City","Kansas, KS"
"Douglass","Doglas","Wyoming, WY"
"Douglass","Duoglas","Alabama, AL"
"Dove Creekk","Dove Creak","Colorado, CO"
"Doverr","Dovar","Delaware, DE"
"Drrayton","Draytown","North Dakota, ND"
"Drumright","Drumrite","Oklahoma, OK"
"Dubach","Debach","Louisiana, LA"
"Duluth","Deluth","Minnesota, MN"
"DDumas","Domas","Arkansas, AR"
"Dumass","Dummas","Arkansas, AR"
"Duncanville","Duncanvile","Texas, TX"
"Durango","Derango","Colorado, CO"
"Dyersvillle","Dyersvile","Iowa, IA"
"Dyersville","Dyerville","Iowa, IA"
"Eagle Lake","Aegle Lake","Texas, TX"
"Eatonn","Eeton","Colorado, CO"
"Eau Clairee","Eu Claire","Michigan, MI"
"Edgewater","Egdewater","Colorado, CO"
"El Pasoo","Eil Paso","Texas, TX"
"El Paso","Il Pase","Texas, TX"
"El Pasoo","L'Paso","Texas, TX"
"El RReno","El Rino","Oklahoma, OK"
"El Renoo","L Rino","Oklahoma, OK"
"Elberton","Elberten","Georgia, GA"
"Elberton","Elbertun","Georgia, GA"
"Elginn","Elgen","South Carolina, SC"
"Elginn","Elgen","Texas, TX"
"Ellgin","Lgen","South Carolina, SC"
"EElgin","Lgin","South Carolina, SC"
"Ellizabethton","Elisabethton","Tennessee, TN"
"Elizabethton","Elizabetham","Tennessee, TN"
"Elizabethtonn","Elizabethten","Tennessee, TN"
"Elkhhart","Elkheart","Indiana, IN"
"Elkhartt","Ellkhart","Indiana, IN"
"Emerson","Emmerson","Arkansas, AR"
"Emmetsburg","Emetsburg","Iowa, IA"
"Emmetsburg","Emmitsburg","Iowa, IA"
"Enumclaw","Imunclaw","Washington, WA"
"Errie","Eerie","Pennsylvania, PA"
"Errie","Erei","Pennsylvania, PA"
"Erwin","Irwin","North Carolina, NC"
"Eufaula","Ufaula","Alabama, AL"
"Eugenee","Eugean","Oregon, OR"
"EEugene","Ugene","Oregon, OR"
"Eustiss","Eutes","Florida, FL"
"Eustiss","Ustis","Florida, FL"
"Fairfieldd","Fairfeild","Iowa, IA"
"Fallbrookk","Fallbroock","California, CA"
"Fallon","Falon","Nevada, NV"
"Farmingtonn","Farmingten","Maine, ME"
"Fayetteville","Faeteville","Arkansas, AR"
"Fayetteville","Faetteville","Arkansas, AR"
"Fayeetteville","Fayetevile","North Carolina, NC"
"Fayetteville","Fayeteville","Arkansas, AR"
"Fayettevillle","Fayeteville","North Carolina, NC"
"Fayettevillee","Fayettevile","North Carolina, NC"
"Fayettevillee","Fayettville","Arkansas, AR"
"Fayetteville","Fayetvile","North Carolina, NC"
"Fayettevillee","Fayetville","Arkansas, AR"
"Fayetteville","Fayetville","North Carolina, NC"
"Feernandina Beach","Fernadina Beach","Florida, FL"
"Fernandina Beach","Fernandena Beach","Florida, FL"
"Flaggstaff","Flagstaf","Arizona, AZ"
"Forestvillle","Forestvile","California, CA"
"Forestville","Forrestville","California, CA"
"Fort Collins","Fort Colins","Colorado, CO"
"Fort Dodgee","Fort Dogde","Iowa, IA"
"Foort Lauderdale","Fort Laderdale","Florida, FL"
"Fort Leee","Fort Le","New Jersey, NJ"
"Fort Myerss","Fort Miers","Florida, FL"
"Fort Paynee","Fort Pane","Alabama, AL"
"Fort Thompson","Fort Tompson","South Dakota, SD"
"Fort Wayne","Fort Waine","Indiana, IN"
"Fort Waynee","Fort Wayn","Indiana, IN"
"Fort Worthh","Fort Wort","Texas, TX"
"Fortesscue","Fortesceu","New Jersey, NJ"
"Fortescue","Fortescu","New Jersey, NJ"
"Fruitaa","Fruta","Colorado, CO"
"Fullton","Fullton","New York, NY"
"Gainesvillee","Gainsvile","Florida, FL"
"Gainesvillee","Gainsvile","Georgia, GA"
"Galilee","Galalee","Rhode Island, RI"
"Galileee","Gallilee","Rhode Island, RI"
"Gallupp","Gallop","New Mexico, NM"
"Galvveston","Galverten","Texas, TX"
"Galvesston","Galvestin","Texas, TX"
"Garyy","Garry","Indiana, IN"
"Gaylordd","Gaelord","Michigan, MI"
"Genoaa","Genao","Nevada, NV"
"Gilroy","Gillroy","California, CA"
"Girarrd","Girad","Kansas, KS"
"Glendale","Glendele","California, CA"
"Glendivee","Glendeve","Montana, MT"
"Gloucesterr","Glocester","Massachusetts, MA"
"Gloucesterr","Glochester","Massachusetts, MA"
"Goletaa","Goeleta","California, CA"
"Goletaa","Golleta","California, CA"
"Gonzaless","Gonzals","Louisiana, LA"
"Granville","Granvile","New York, NY"
"Greeleyy","Greely","Colorado, CO"
"Greeley","Greley","Colorado, CO"
"Greeen Forest","Green Forrest","Arkansas, AR"
"Greenfiield","Greenfeild","California, CA"
"Greenville","Greenvile","Alabama, AL"
"Greenville","Greenvile","South Carolina, SC"
"Greenwoodd","Greenwod","South Carolina, SC"
"Gridleyy","Grideley","California, CA"
"Griffinn","Grifin","Georgia, GA"
"Griggsville","Griggsvile","Illinois, IL"
"Griiggsville","Grigsville","Illinois, IL"
"Grinnell","Grinell","Iowa, IA"
"Grinnelll","Grinnel","Iowa, IA"
"Grotonn","Groten","Connecticut, CT"
"Groton","Growton","Connecticut, CT"
"Gueydann","Geuydan","Louisiana, LA"
"Gulfportt","Gulf port","Mississippi, MS"
"Hacienda Heightss","Hacenda Heights","California, CA"
"Hacienda Heights","Haicenda Heights","California, CA"
"Hacienda Heightss","Haisenda Heights","California, CA"
"Hacienda Heightss","Hasenda Heights","California, CA"
"Hadleyy","Hadly","Massachusetts, MA"
"Hagerstown","Hagerston","Maryland, MD"
"Hagersttown","Hagerton","Maryland, MD"
"Hainess","Hains","Alaska, AK"
"Haines","Haynes","Alaska, AK"
"Hainess","Hayns","Alaska, AK"
"Hainees City","Hanies City","Florida, FL"
"Haines  City","Haynes City","Florida, FL"
"Haleyville","Haleyvile","Alabama, AL"
"Hamdenn","Hamdin","Connecticut, CT"
"Hamiltonn","Hamelton","Texas, TX"
"Hamillton","Hamiltown","Texas, TX"
"Hammondssport","Hamondsport","New York, NY"
"Hanniball","Hanibal","Missouri, MO"
"Hartfordd","Hartferd","Connecticut, CT"
"Hartsellee","Hartsele","Alabama, AL"
"Hastingss","Hasting","Nebraska, NE"
"Hattiesburgg","Hatiesburg","Mississippi, MS"
"Hattiesburg","Hattesburg","Mississippi, MS"
"Haversstraw","Haversstraw","New York, NY"
"Haysville","Haysvile","Kansas, KS"
"Hercuules","Heracles","California, CA"
"Hercules","Hercales","California, CA"
"Hersheyy","Hershy","Pennsylvania, PA"
"Hershey","Hurshy","Pennsylvania, PA"
"Hialeahh","Hialaeh","Florida, FL"
"Hiialeah","Hialeh","Florida, FL"
"Hialeahh","Hileah","Florida, FL"
"Holtville","Holtvile","California, CA"
"Holyokee","Hollyoak","Massachusetts, MA"
"Holyokee","Hollyoke","Massachusetts, MA"
"Holyokke","Holyoak","Massachusetts, MA"
"Honaker","Honerker","Virginia, VA"
"Honakerr","Hunaker","Virginia, VA"
"Honoluluu","Honnolulu","Hawaii, HI"
"Honoolulu","Honololu","Hawaii, HI"
"Honolulu","Honoluluu","Hawaii, HI"
"Hot Springs","Hot Spring","Arkansas, AR"
"Houuston","Hoston","Texas, TX"
"Houston","Houstin","Texas, TX"
"Houstonn","Huoston","Texas, TX"
"Houstonn","Huston","Texas, TX"
"Hueytownn","Heuytown","Alabama, AL"
"Huntington Beach","Huntingdon Beach","California, CA"
"Huuntley","Huntly","Illinois, IL"
"Huntsville","Huntsvile","Alabama, AL"
"Huntsville","Huntsvile","Texas, TX"
"Ilwaco","Llwaco","Washington, WA"
"Independence","Indepandence","Missouri, MO"
"Independencee","Independance","Missouri, MO"
"Indianaa","Indianna","Pennsylvania, PA"
"Indianapoliss","Indianaopolis","Indiana, IN"
"Indianapoliss","Inianapolis","Indiana, IN"
"Indioo","Indeo","California, CA"
"Innola","Enola","Oklahoma, OK"
"Innola","Inolah","Oklahoma, OK"
"Isletonn","Iselton","California, CA"
"Islleton","Isletun","California, CA"
"Isletonn","Istelon","California, CA"
"Jackkson","Jakson","Michigan, MI"
"Jackson","Jakson","Mississippi, MS"
"Jacksonvillee","Jacksonvile","Alabama, AL"
"Jacksonville","Jacksonvile","Florida, FL"
"Jamestownn","Jameston","North Dakota, ND"
"Jasper","Japser","Arkansas, AR"
"JJennings","Jenings","Kansas, KS"
"Jenningss","Jenings","Louisiana, LA"
"Jeromee","Jerom","Arizona, AZ"
"Jersey Cityy","Jersy City","New Jersey, NJ"
"Johnson Citty","Johnsson City","Tennessee, TN"
"Johnstownn","Johnston","Pennsylvania, PA"
"Joliett","Joeliet","Illinois, IL"
"Joliett","Jolliet","Illinois, IL"
"Jonesboro","Jonesborough","Arkansas, AR"
"Jonesboroo","Jonesburo","Arkansas, AR"
"Jonesborough","Jonesboro","Tennessee, TN"
"Juneauu","Jeenay","Alaska, AK"
"Juneau","Jenau","Alaska, AK"
"Juneau","Junaeu","Alaska, AK"
"Kalamazooo","Calamazoo","Michigan, MI"
"Kalamazooo","Kalamazo","Michigan, MI"
"Kalispelll","Kalispel","Montana, MT"
"Kalispelll","Kalisspell","Montana, MT"
"Kannapolis","Kanapolis","North Carolina, NC"
"Kansas Cityy","Kanses City","Missouri, MO"
"Kansas Ciity","Kansus City","Kansas, KS"
"Kaufmann","Caufman","Texas, TX"
"Kaufmann","Kafman","Texas, TX"
"Kaufman","Kufman","Texas, TX"
"Keansburgg","Keansberg","New Jersey, NJ"
"Keenee","Kene","New Hampshire, NH"
"Keene","Kenne","New Hampshire, NH"
"Keizerr","Kaiser","Oregon, OR"
"Keizer","Kaizer","Oregon, OR"
"Keizerr","Keiser","Oregon, OR"
"Keizer","Keizar","Oregon, OR"
"Kelso","Kellso","Washington, WA"
"Kenai","Kanai","Alaska, AK"
"Kenaii","Keani","Alaska, AK"
"Kenaii","Kenei","Alaska, AK"
"Kenai","Kinai","Alaska, AK"
"Kennesaww","Kenesaw","Georgia, GA"
"Kennesaw","Kennisaw","Georgia, GA"
"Kentton","Kenten","Tennessee, TN"
"Keeokuk","Keokuck","Iowa, IA"
"Keokuk","Kiokuck","Iowa, IA"
"Keokukk","Kiokuk","Iowa, IA"
"Ketchikan","Kechikan","Alaska, AK"
"Ketchikann","Kecthikan","Alaska, AK"
"Ketchikann","Ketchekan","Alaska, AK"
"Kewanee","Kewane","Illinois, IL"
"Kewaneee","Kewanne","Illinois, IL"
"Kingsville","Kingsvile","Texas, TX"
"Kirkland","Kirikland","Washington, WA"
"Kirkkwood","Kircwood","Missouri, MO"
"Kirwinn","Kerwin","Kansas, KS"
"Kirwin","Kirwen","Kansas, KS"
"Knikk","Kuhnick","Alaska, AK"
"Knikk","Kunik","Alaska, AK"
"Knikk","Nik","Alaska, AK"
"Knoxville","Knoxvile","Tennessee, TN"
"Kodiak","Codiak","Alaska, AK"
"Kodiak","Kodiac","Alaska, AK"
"Kokomo","Cocomo","Indiana, IN"
"Kokomoo","Kocomo","Indiana, IN"
"La  Crosse","La Crose","Kansas, KS"
"Lafayettee","Lafayate","Louisiana, LA"
"Lafayette","Lafayatt","Louisiana, LA"
"LLafayette","Lafayatte","Louisiana, LA"
"Lake Benton","Lake Benten","Minnesota, MN"
"Lake Benton","Lake Binton","Minnesota, MN"
"Lake Oswego","Lake Auswego","Oregon, OR"
"Laramiee","Laramy","Wyoming, WY"
"Las Vegass","Las Vagas","Nevada, NV"
"Lathrop","Lathrup","Missouri, MO"
"Lebanon","Lebannon","Tennessee, TN"
"Lebaanon","Lebanonn","Tennessee, TN"
"Lecompte","Lecompt","Louisiana, LA"
"LLenexa","Leneksa","Kansas, KS"
"Lenoir Cityy","Lenor","Tennessee, TN"
"Leola","Leeola","South Dakota, SD"
"Leolla","Loela","South Dakota, SD"
"Leooti","Loeti","Kansas, KS"
"Lewwes","Leuus","Delaware, DE"
"Lewess","Lewis","Delaware, DE"
"Lexinggton","Lexingtown","Kentucky, KY"
"Lexington","Lexingtown","Massachusetts, MA"
"Limon","Lemon","Colorado, CO"
"Liincoln","Linclon","Alabama, AL"
"Linncoln","Linclon","Nebraska, NE"
"Lincoln","Linculn","Alabama, AL"
"Linden","Lindin","California, CA"
"Lindsborgg","Lindborg","Kansas, KS"
"Lithoniaa","Lethonia","Georgia, GA"
"Little Rockk","Littel Rock","Arkansas, AR"
"Lockport","Lokport","New York, NY"
"Lodii","Laudy","California, CA"
"Lodii","Lody","California, CA"
"Lodi","Lordy","California, CA"
"Lodi","Lowdy","California, CA"
"Lombard","Lomberd","Illinois, IL"
"Lompocc","Lompac","California, CA"
"Lompocc","Lompack","California, CA"
"Lompocc","Lumpac","California, CA"
"Lompoc","Lumpack","California, CA"
"Long Beach","Long Baech","California, CA"
"Long  Beach","Long Beech","California, CA"
"Los Angeles","Los Angels","California, CA"
"Los Angeles","Los Angleles","California, CA"
"LLos Angeles","Los Angles","California, CA"
"Louisville","Louisvile","Kentucky, KY"
"Loup Cityy","Loop City","Nebraska, NE"
"Lowelll","Lowel","Arkansas, AR"
"Lowell","Lowel","Massachusetts, MA"
"Lynchburg","Lenchburg","Virginia, VA"
"Lynchburg","Lynchberg","Virginia, VA"
"Madison","Madisen","Wisconsin, WI"
"Maggie Valleyy","Magie Valley","North Carolina, NC"
"Malvernn","Mallvern","Arkansas, AR"
"Malverrn","Malverne","Arkansas, AR"
"Manchesterr","Machester","New Hampshire, NH"
"Manchesterr","Mancester","New Hampshire, NH"
"Manchester","Manchestar","Connecticut, CT"
"Manhaattan","Manhatan","Kansas, KS"
"Manhattan","Manhatan","New York, NY"
"Mannfordd","Manferd","Oklahoma, OK"
"Mannford","Manford","Oklahoma, OK"
"Mannnford","Mannferd","Oklahoma, OK"
"Marionn","Maryon","Indiana, IN"
"Marionvillee","Marionvile","Missouri, MO"
"Marseilless","Merseiles","Illinois, IL"
"Marseilles","Merseilles","Illinois, IL"
"Marsseilles","Merselles","Illinois, IL"
"Marseilles","Mersiles","Illinois, IL"
"Marysville","Marrysvile","California, CA"
"Marysville","Marrysville","California, CA"
"Marysville","Marysvile","California, CA"
"Maarysville","Marysvile","Kansas, KS"
"Matttoon","Maton","Illinois, IL"
"Mattoon","Matton","Illinois, IL"
"MccAllen","MacAlen","Texas, TX"
"McAllenn","MacAllen","Texas, TX"
"McAllenn","McAlen","Texas, TX"
"McCloud","MCloud","California, CA"
"McCloudd","MacCloud","California, CA"
"McMinnville","McMinnvile","Tennessee, TN"
"McMinnvillee","McMinvile","Tennessee, TN"
"McMinnville","McMinville","Tennessee, TN"
"MMedfield","Medfeild","Massachusetts, MA"
"Melbourne","Melborn","Florida, FL"
"Melbourne","Melborne","Florida, FL"
"Melbournee","Melburne","Florida, FL"
"Memphis","Memfis","Tennessee, TN"
"Merced","Merked","California, CA"
"Mercedd","Murced","California, CA"
"Mereditth","Meridith","New Hampshire, NH"
"Meriden","Mariden","Connecticut, CT"
"Meridenn","Merriden","Connecticut, CT"
"Merriden","Meryden","Connecticut, CT"
"Mesickk","Misick","Michigan, MI"
"Metropoliss","Metropalis","Illinois, IL"
"Miamii","Maimi","Florida, FL"
"Miamii","Miame","Florida, FL"
"Miamii","Myame","Florida, FL"
"Miami","Myami","Florida, FL"
"Middletown","Midletown","Connecticut, CT"
"Midlothian","Midlothien","Texas, TX"
"Midlothiann","Mildthoian","Texas, TX"
"Milllinocket","Milinocket","Maine, ME"
"Millinocket","Millinoket","Maine, ME"
"Milpitass","Milepeters","California, CA"
"Milpittas","Milepitas","California, CA"
"Milpitas","Milipitas","California, CA"
"Milppitas","Milipiters","California, CA"
"Milpitas","Millipeters","California, CA"
"Milpitass","Millipitas","California, CA"
"Milwaukee","Milwake","Wisconsin, WI"
"Milwaukkee","Milwakee","Wisconsin, WI"
"Minneapolis","Mineapolis","Minnesota, MN"
"Minneapoliss","Minnapolis","Minnesota, MN"
"Minneapolis","Minneaoplis","Minnesota, MN"
"Misshawaka","Meshawaka","Indiana, IN"
"Mishawakaa","Mishawacka","Indiana, IN"
"Missouula","Misoula","Montana, MT"
"Missoula","Missola","Montana, MT"
"Missoulaa","Missula","Montana, MT"
"Modestoo","Modisto","California, CA"
"Montereyy","Montery","California, CA"
"Montgomery","Mountgomery","Minnesota, MN"
"Montgomery","Muntgomery","Alabama, AL"
"Montgomery","Muntgomery","Minnesota, MN"
"Monticello","Monticelo","Minnesota, MN"
"Mortonn","Morten","Illinois, IL"
"Mount Idaa","Mount Idah","Arkansas, AR"
"Mount Pleassant","Mount Plaesent","Texas, TX"
"Mount Pleasantt","Mount Pleasant","Texas, TX"
"Mount Pleasant","Mount Pleasent","Texas, TX"
"Mountain View","Mountain Veiw","Arkansas, AR"
"Muskegonn","Muskigon","Michigan, MI"
"Myrtle Beach","Mertle Beach","South Carolina, SC"
"Napervillee","Napervile","Illinois, IL"
"Nashua","Nashuwa","New Hampshire, NH"
"Nashvillee","Nashvile","Arkansas, AR"
"Nashvillee","Nashvile","Georgia, GA"
"Nashvillee","Nashvile","Tennessee, TN"
"Naaugatuck","Nagatuck","Connecticut, CT"
"Naugatuckk","Naguatuck","Connecticut, CT"
"Naugatuckk","Nagutuck","Connecticut, CT"
"Nauugatuck","Naugatack","Connecticut, CT"
"Naugatuck","Naugatauk","Connecticut, CT"
"Nederlland","Nedarland","Colorado, CO"
"Neoshoo","Noesho","Missouri, MO"
"New Britain","New Britin","Connecticut, CT"
"New Brunswick","Brenswick","New Jersey, NJ"
"New Brunswick","Brunswik","New Jersey, NJ"
"New  Castle","New Castel","Pennsylvania, PA"
"New Haven","New Havan","Connecticut, CT"
"New Haven","New Heaven","Connecticut, CT"
"New Orleanss","New Orlaens","Louisiana, LA"
"Neww Rochelle","New Rochele","New York, NY"
"New Rochellee","New Roshele","New York, NY"
"New Rochellle","New Roshelle","New York, NY"
"New Ulm","New Elm","Minnesota, MN"
"New York","New York City","New York, NY"
"New Yoork","New Yurk City","New York, NY"
"New York","nyc","New York, NY"
"Newark","Neuark","New Jersey, NJ"
"Newberry","Newbury","Michigan, MI"
"Newberryy","Nuberry","Michigan, MI"
"Newburyportt","Newberyport","Massachusetts, MA"
"Newnann","Newman","Georgia, GA"
"Newnann","Nuuman","Georgia, GA"
"Newport","Nuuport","Rhode Island, RI"
"Niagara Fallss","Niagra Falls","New York, NY"
"Norcoo","Norko","California, CA"
"Norman","Normann","Oklahoma, OK"
"North Adamss","North Adums","Massachusetts, MA"
"North Loup","North Loop","Nebraska, NE"
"North Platte","North Plate","Nebraska, NE"
"North Tonawanda","North Tonwanda","New York, NY"
"Northammpton","Northhampton","Massachusetts, MA"
"Northampton","Northhamptown","Massachusetts, MA"
"Northfield","Northfeild","Minnesota, MN"
"Norwichh","Norwhich","Connecticut, CT"
"Norwich","Norwitch","Connecticut, CT"
"O'Fallonn","O'Fallen","Missouri, MO"
"O'Fallonn","Ofallen","Missouri, MO"
"O'Neilll","O'Neil","Nebraska, NE"
"O'Neilll","Oneil","Nebraska, NE"
"Oak Ridgge","Oak Rigde","Tennessee, TN"
"Oaakland","Okeland","Nebraska, NE"
"Oceean City","Ocaen City","New Jersey, NJ"
"Ocoee","Ocoei","Florida, FL"
"Ocoee","Ocooe","Florida, FL"
"Ocoee","Okooe","Florida, FL"
"Ogdensburg","Odgensburg","New York, NY"
"Ogdensburgg","Ogdensberg","New York, NY"
"Okeechobeee","Oceechobe","Florida, FL"
"Okeeechobee","Oceechobee","Florida, FL"
"Okeechobee","Okechobee","Florida, FL"
"Oklahoma Cityy","Oaklohoma City","Oklahoma, OK"
"Oklahoma City","Oklaoma City","Oklahoma, OK"
"Olathe","Olath","Kansas, KS"
"Olney","Alnee","Illinois, IL"
"Olneey","Olnee","Illinois, IL"
"Omaaha","Omeha","Nebraska, NE"
"Onawayy","Onrway","Michigan, MI"
"Onawayy","Unaway","Michigan, MI"
"Orem","Orim","Utah, UT"
"Oremm","Urem","Utah, UT"
"Ormond Beachh","Ormend Beach","Florida, FL"
"Orovillee","Orovile","California, CA"
"Ouray","Owray","Colorado, CO"
"Ouray","Uray","Colorado, CO"
"Owensboro","Owensborough","Kentucky, KY"
"Oxnard","Oxnerd","California, CA"
"Ozarkk","Osark","Alabama, AL"
"Pacificaa","Pacifika","California, CA"
"Pacifica","Paecifica","California, CA"
"Paducahh","Padukah","Kentucky, KY"
"Palisade","Palicade","Colorado, CO"
"Palm Springs","Plam Springs","California, CA"
"Panama City Beach","Pamama Beach","Florida, FL"
"Panama City Beach","Pananma Beach","Florida, FL"
"Parsons","Parsins","Kansas, KS"
"Pasadena","Paesadena","California, CA"
"Pasadena","Pasedena","California, CA"
"Patersonn","Patarson","New Jersey, NJ"
"Pawtucket","Pautucket","Rhode Island, RI"
"Peabodyy","Peebody","Massachusetts, MA"
"Pearsonville","Pearsonvile","California, CA"
"Pearsoonville","Personville","California, CA"
"Pensacola","Pensecola","Florida, FL"
"Pensacola","Pensicola","Florida, FL"
"Peoriaa","Peeoria","Illinois, IL"
"Peoriaa","Peorhia","Illinois, IL"
"Perth Amboyy","Pert Amboy","New Jersey, NJ"
"Perth Amboy","Perth Amboi","New Jersey, NJ"
"Peeru","Peruu","Indiana, IN"
"Petersburg","Petersberg","West Virginia, WV"
"Phelpss","Felps","New York, NY"
"Philadelphia","Philedelphia","Pennsylvania, PA"
"Philadelphia","Philidelphia","Pennsylvania, PA"
"Philadelphiaa","Piladelphia","Pennsylvania, PA"
"Phoeenix","Fenix","Arizona, AZ"
"Phoenix","Phenix","Arizona, AZ"
"Phoenixx","Pheonix","Arizona, AZ"
"Pikeville","Pikevile","Kentucky, KY"
"Pinehurstt","Pinhurt","North Carolina, NC"
"Pitttsburg","Pitsburg","Kansas, KS"
"Pittsburg","Pittburg","Kansas, KS"
"Pittsburg","Pittsburgh","Kansas, KS"
"Pittsburrgh","Pitsberg","Pennsylvania, PA"
"Pittssburgh","Pitsburg","Pennsylvania, PA"
"Pittsburghh","Pitsburgh","Pennsylvania, PA"
"Pittsburgh","Pittsberg","Pennsylvania, PA"
"Pitttsburgh","Pittsburg","Pennsylvania, PA"
"Placerville","Placervile","California, CA"
"Placerville","Plaserville","California, CA"
"Plainfiield","Planfeild","New Jersey, NJ"
"Plano","Planno","Texas, TX"
"Plymouth","Plemouth","Massachusetts, MA"
"Plymouthh","Plymoth","Massachusetts, MA"
"Plymouthh","Plymuth","Massachusetts, MA"
"Pocaatello","Pocatelo","Idaho, ID"
"Ponchatoula","Poncatoula","Louisiana, LA"
"Ponchatoulaa","Ponchatola","Louisiana, LA"
"Ponchatoulaa","Ponchatula","Louisiana, LA"
"Portlandd","Port Land","Oregon, OR"
"Prattvillle","Pratvile","Alabama, AL"
"Prattvillle","Pratville","Alabama, AL"
"Prescott","Prescot","Arizona, AZ"
"Presque Islee","Preskie Isle","Maine, ME"
"Presque Islee","Presqu Isle","Maine, ME"
"Prestton","Prestin","Minnesota, MN"
"Provincetownn","Provinceton","Massachusetts, MA"
"Prrovo","Provvo","Utah, UT"
"Puebllo","Peublo","Colorado, CO"
"Punxsuutawney","Punsutawney","Pennsylvania, PA"
"Punxsutawney","Punsutawny","Pennsylvania, PA"
"Punxsutawney","Punxutawney","Pennsylvania, PA"
"Punxsutawneyy","Puxsutawny","Pennsylvania, PA"
"Purrcell","Percel","Oklahoma, OK"
"Purcelll","Percell","Oklahoma, OK"
"Purcell","Persel","Oklahoma, OK"
"Purcell","Persell","Oklahoma, OK"
"Purcell","Purcel","Oklahoma, OK"
"Purcelll","Pursel","Oklahoma, OK"
"Quincy","Kwincy","Illinois, IL"
"Quinterr","Kwinter","Kansas, KS"
"Quitmann","Quietman","Texas, TX"
"Quitmann","Quiteman","Texas, TX"
"Radford","Radferd","Virginia, VA"
"Radfoord","Redford","Virginia, VA"
"Raleigh","Raliegh","North Carolina, NC"
"Raleigh","Ralley","North Carolina, NC"
"Randolph","Randolf","Nebraska, NE"
"Rayy","Rae","North Dakota, ND"
"Raayne","Rain","Louisiana, LA"
"Raynee","Raine","Louisiana, LA"
"Raynee","Rayn","Louisiana, LA"
"Readingg","Reeding","Pennsylvania, PA"
"Redmmond","Redmund","Washington, WA"
"Redwood Cityy","Redwod","California, CA"
"Redwood Cityy","Redwould","California, CA"
"Reedlley","Readley","California, CA"
"Reedley","Reedly","California, CA"
"Rehoboth Beachh","Reehaboth Beach","Delaware, DE"
"Rehoboth Beachh","Reehoboth Beach","Delaware, DE"
"Rehoboth Beachh","Rihoboth Beach","Delaware, DE"
"Renfro Valley","Rinfro","Kentucky, KY"
"Reno","Rino","Nevada, NV"
"Rhinebeckk","Rhineback","New York, NY"
"Rhinebeck","Rineback","New York, NY"
"Richmond","Richmend","Virginia, VA"
"Rio Rancho","Ria Ranco","New Mexico, NM"
"Roanoke","Roanoak","Virginia, VA"
"Roanoke","Ronoke","Virginia, VA"
"Rochesterr","Rocester","New York, NY"
"Rochesterr","Rochesster","New Hampshire, NH"
"Rockland","Rokland","Maine, ME"
"Roscoe","Rosco","New York, NY"
"Roscoee","Rossco","New York, NY"
"Roswell","Roswel","New Mexico, NM"
"Rumney","Rumknee","New Hampshire, NH"
"Rumney","Rumnee","New Hampshire, NH"
"Rumneey","Rumny","New Hampshire, NH"
"Russell Springs","Russel Springs","Kansas, KS"
"Rutland","Rutlend","Vermont, VT"
"Sacramento","Sackramento","California, CA"
"Sacramentoo","Sackremento","California, CA"
"Sacrammento","Sacremento","California, CA"
"Saiint Paul","Siant Paul","Minnesota, MN"
"SSalem","Salam","Massachusetts, MA"
"Salemm","Salam","Missouri, MO"
"Salem","Salam","New Hampshire, NH"
"Salem","Salam","Oregon, OR"
"Salemm","Selem","Massachusetts, MA"
"Salina","Salena","Kansas, KS"
"San Anggelo","San Agilo","Texas, TX"
"SSan Angelo","San Angilo","Texas, TX"
"San Diego","San Deago","California, CA"
"San Diegoo","San Deigo","California, CA"
"San Diegoo","San Diago","California, CA"
"San Franciscoo","San Francesco","California, CA"
"San Franciscoo","San Fransico","California, CA"
"San Josee","San Hose","California, CA"
"SSan Jose","San Hosey","California, CA"
"San Josee","San Josay","California, CA"
"Sandersville","Sandersvile","Georgia, GA"
"SSanger","Sangar","California, CA"
"Sansom Park","Sansem Park","Texas, TX"
"Sansom Park","Sansum Park","Texas, TX"
"Santa Crruz","Santa Cruise","California, CA"
"Santa Fe","Santa Fae","New Mexico, NM"
"Santa Fe","Santa Fay","New Mexico, NM"
"Santa Monica","Santa Monika","California, CA"
"Santa Rosaa","Santa Rosea","New Mexico, NM"
"Sarasotaa","Saraota","Florida, FL"
"Sarasota","Sarastoa","Florida, FL"
"Saratoga","Saratuga","Wyoming, WY"
"Saratoga Springs","Sarahtoga Springs","New York, NY"
"Savannahh","Savanah","Georgia, GA"
"Schenectadyy","Schenactdy","New York, NY"
"Schenectadyy","Schenctady","New York, NY"
"Schenectady","Schnectady","New York, NY"
"Scottsdalee","Scotdale","Arizona, AZ"
"Scottsdalee","Scotsdale","Arizona, AZ"
"Scrantton","Scrannton","Pennsylvania, PA"
"Seafordd","Seeford","Delaware, DE"
"Seaside Heightss","Seaside Hieghts","New Jersey, NJ"
"Sedaliaa","Sadalia","Missouri, MO"
"Sedonaa","Cedona","Arizona, AZ"
"Sedona","Sedonna","Arizona, AZ"
"Selma","Sellma","California, CA"
"Sennatobia","Sentaobia","Mississippi, MS"
"Senatoobia","Sentobia","Mississippi, MS"
"Severancee","Saverance","Colorado, CO"
"Severaance","Sevarance","Colorado, CO"
"Shhelbyville","Shelbyvile","Tennessee, TN"
"Shelbyvillee","Shellbyvile","Tennessee, TN"
"Shelbyville","Shellbyville","Tennessee, TN"
"Sierra Vistaa","Seerra Vista","Arizona, AZ"
"Sierra Vistaa","Siera Vista","Arizona, AZ"
"Siloam Springs","Seloam Springs","Arkansas, AR"
"Siloam Springss","Silaom Springs","Arkansas, AR"
"Sioux City","Siou City","Iowa, IA"
"SSioux City","Sious City","Iowa, IA"
"Sioux City","Soux City","Iowa, IA"
"Sioux Falls","Soux Falls","South Dakota, SD"
"Sitkaa","Sitca","Alaska, AK"
"Slocomb","Slokomb","Alabama, AL"
"Slocomb","Slowcomb","Alabama, AL"
"Soldiers Grove","Soilders Grave","Wisconsin, WI"
"Soldiers Grovee","Soildiers Grove","Wisconsin, WI"
"Solvangg","Sulvang","California, CA"
"Somerville","Somervile","Massachusetts, MA"
"South Haven","South Heven","Michigan, MI"
"Spartanburg","Spartanberg","South Carolina, SC"
"Spencerr","Spenser","Idaho, ID"
"Spokane","Spokan","Washington, WA"
"Springfieldd","Springfeild","Illinois, IL"
"Springfieldd","Springfeild","Massachusetts, MA"
"Springfieldd","Springfeild","Missouri, MO"
"Springvville","Spingvile","Utah, UT"
"St. Albans","Saint Albans","Vermont, VT"
"St. AAlbans","St Albans","Vermont, VT"
"St. Cloudd","St. Cluod","Minnesota, MN"
"St. Louiss","St Louis","Missouri, MO"
"St. Martinville","St. Martinvile","Louisiana, LA"
"St. Petersburg","St Petersburg","Florida, FL"
"St. Petersburg","St. Petersberg","Florida, FL"
"Stamford","Stamferd","Connecticut, CT"
"Sttaten Island","Statan Island","New York, NY"
"Staten Island","Statin Island","New York, NY"
"Stilwwell","Stillwell","Oklahoma, OK"
"Stilwelll","Stilwel","Oklahoma, OK"
"Stocktonn","Stocton","California, CA"
"Stockton","Stokton","California, CA"
"Strongsville","Strongsvile","Ohio, OH"
"Stuttgartt","Stutgart","Arkansas, AR"
"Stuttgart","Stutgartt","Arkansas, AR"
"Sugar Land","Seger Land","Texas, TX"
"Sugar Landd","Shuger Land","Texas, TX"
"Sugar Land","Suger Land","Texas, TX"
"Sugarcreekk","Sugercreek","Ohio, OH"
"Sumner","Sumer","Missouri, MO"
"Sumner","Summer","Missouri, MO"
"Sumner","Sumneer","Washington, WA"
"Sun Prairie","Sun Prarie","Wisconsin, WI"
"Sunnyvale","Sunyvale","California, CA"
"Sylacauga","Sylacaga","Alabama, AL"
"Sylacauga","Sylacuga","Alabama, AL"
"Tacoma","Tacomah","Washington, WA"
"Tacomaa","Takoma","Washington, WA"
"Takoma Park","Takomma Park","Maryland, MD"
"TTakoma Park","Takuma Park","Maryland, MD"
"Talentt","Talint","Oregon, OR"
"Talentt","Telant","Oregon, OR"
"Tallahassee","Talahase","Florida, FL"
"Tallahassee","Talahasse","Florida, FL"
"Tallahassee","Talahassee","Florida, FL"
"Talllahassee","Tallahasee","Florida, FL"
"Tallahasseee","Tallahasse","Florida, FL"
"Taos","Toas","New Mexico, NM"
"Tarppon Springs","Tarpun Springs","Florida, FL"
"Tarpon Springs","Terpon Springs","Florida, FL"
"Tarpon Springs","Terpun Springs","Florida, FL"
"Tarryall","Taryall","Colorado, CO"
"Tauntoon","Taton","Massachusetts, MA"
"Taunton","Tauton","Massachusetts, MA"
"Tauntonn","Tuton","Massachusetts, MA"
"Telluridee","Telleride","Colorado, CO"
"Telluridee","Toelleride","Colorado, CO"
"Terlingua","Terengua","Texas, TX"
"Terlinguaa","Teringau","Texas, TX"
"Terlinguaa","Teringua","Texas, TX"
"Terlinguaa","Tiringua","Texas, TX"
"Teerre Haute","Tere Haute","Indiana, IN"
"Terre Hautte","Terre Hate","Indiana, IN"
"Texarkana","Texakana","Arkansas, AR"
"Texarkana","Texerkana","Arkansas, AR"
"Texas City","Texaz City","Texas, TX"
"Texas Cityy","Texsas City","Texas, TX"
"TThe Colony","The Colonny","Texas, TX"
"Thommasville","Thomasvile","North Carolina, NC"
"Toledo","Tolado","Ohio, OH"
"Toledoo","Tolido","Ohio, OH"
"Tombstone","Toambstone","Arizona, AZ"
"Tombbstone","Toamstone","Arizona, AZ"
"Towner","Toner","North Dakota, ND"
"Traverse CCity","Taverse City","Michigan, MI"
"Traverse City","Travese City","Michigan, MI"
"Troyy","Troie","New York, NY"
"Tucsonn","Tuscon","Arizona, AZ"
"Tulelake","Tuellake","California, CA"
"Tulssa","Telsa","Oklahoma, OK"
"Tulsaa","Toolsah","Oklahoma, OK"
"Tuscaloosaa","Tucsaloosa","Alabama, AL"
"Tuscaloosaa","Tuscalosa","Alabama, AL"
"Tuskegeee","Tucksegee","Alabama, AL"
"Tuskegeee","Tuskagee","Alabama, AL"
"Tyler","Tieler","Texas, TX"
"Tyyler","Tiler","Texas, TX"
"Unadilla","Unadila","Nebraska, NE"
"Valdostaa","Faldosta","Georgia, GA"
"Vaaldosta","Valdusta","Georgia, GA"
"Valley City","Valey City","Ohio, OH"
"Valparaiso","Valapariso","Indiana, IN"
"Valparaiso","Valpariso","Indiana, IN"
"Vickksburg","Vicksberg","Mississippi, MS"
"Victoriaa","Vicoria","Texas, TX"
"Victoriaa","Victorhia","Texas, TX"
"Vidalia","Vidallia","Georgia, GA"
"Wacoo","Wacco","Texas, TX"
"Wacoo","Wako","Texas, TX"
"Walla Walla","Wala Wala","Washington, WA"
"Wallaa Walla","Walawala","Washington, WA"
"Walla Walla","Walla","Washington, WA"
"Walla Walla","Wallawalla","Washington, WA"
"Wallace","Walace","Idaho, ID"
"Wallace","Wallis","Idaho, ID"
"Walthamm","Walthum","Massachusetts, MA"
"Warrensburgg","Warensberg","Missouri, MO"
"Warrensburg","Warensburg","Missouri, MO"
"Warrensburg","Warrensberg","Missouri, MO"
"Warrroad","Waroad","Minnesota, MN"
"Wartracee","War Trace","Tennessee, TN"
"WWartrace","Wartrase","Tennessee, TN"
"Warwickk","Warwic","Georgia, GA"
"Warwick","Warwik","Georgia, GA"
"Warwickk","Warwik","Rhode Island, RI"
"Wasco","Wasko","California, CA"
"Wasco","Wosco","California, CA"
"Wascoo","Wosko","California, CA"
"Washingtonn","Washingtown","Missouri, MO"
"Waterbury","Waterbery","Connecticut, CT"
"Waterville","Watervile","Maine, ME"
"Watsonvillee","Watsonvile","California, CA"
"Waynesbboro","Wainesboro","Georgia, GA"
"Waynesboro","Wayneboro","Georgia, GA"
"Waynesboroo","Waynesborough","Georgia, GA"
"Waynesboro","Waynesboru","Georgia, GA"
"Waynesvillee","Waynesvile","Ohio, OH"
"Waynesville","Wayneville","Ohio, OH"
"Weatherfoord","Weatherferd","Texas, TX"
"Weatherford","Wetherford","Texas, TX"
"Weirton","Weirten","West Virginia, WV"
"Weirtton","Werton","West Virginia, WV"
"West Havenn","West Havan","Connecticut, CT"
"Westfieldd","Westfeild","Massachusetts, MA"
"Westfield","Westfeild","New York, NY"
"Wetumpkaa","Wetempka","Alabama, AL"
"Wichitaa","Wichta","Kansas, KS"
"Wickenburgg","Wikenburg","Arizona, AZ"
"Willarrd","Wilard","Ohio, OH"
"Williamsburgg","Williamsberg","Virginia, VA"
"Willimantic","Wilimantic","Connecticut, CT"
"Willimantic","Willamantic","Connecticut, CT"
"Willitss","Wilits","California, CA"
"Willits","Willets","California, CA"
"WWills Point","Wils Point","Texas, TX"
"Wilmingtonn","Willmingten","Delaware, DE"
"Wilmingtonn","Willmington","Delaware, DE"
"Wilmington","Willmington","Illinois, IL"
"Wilmingtonn","Willminton","Illinois, IL"
"Wilmington","Wilmingten","Delaware, DE"
"Willmington","Wilmingtown","North Carolina, NC"
"Wilmington","Wilmingtown","Ohio, OH"
"Wilmingtoon","Wilminton","Illinois, IL"
"Winfield","Winfeild","Alabama, AL"
"Winnemuccaa","Winemuca","Nevada, NV"
"Winnemuccaa","Winemucca","Nevada, NV"
"Winnemuccaa","Winnemuca","Nevada, NV"
"Winooski","Winokski","Vermont, VT"
"Winooskii","Winoski","Vermont, VT"
"Winston-Salemm","Winston Salam","North Carolina, NC"
"Wisconsin Dells","Winstconstin Dells","Wisconsin, WI"
"Worcester","Wochester","Massachusetts, MA"
"Worcester","Worchester","Massachusetts, MA"
"Worthington","Worthingtown","Minnesota, MN"
"Xennia","Senia","Ohio, OH"
"Xenia","Xenea","Ohio, OH"
"Yakima","Yackima","Washington, WA"
"Yonkerss","Yonkars","New York, NY"
"Yonkerss","Yunkers","New York, NY"
"Yorba Lindaa","Yurba Linda","California, CA"
"Yuba City","Uba City","California, CA"
"Yuma","Uma","Arizona, AZ"
"Zanesvillee","Zanesvile","Ohio, OH"
