"city","city_misspelled","state"
"Abbeville","Abbevile","Georgia, GA"
"Abbeville","Abeville","Georgia, GA"
"Abilene","Abiline","Texas, TX"
"Adamsville","Adamsvile","Tennessee, TN"
"Akron","Acron","Ohio, OH"
"Alabaster","Alabastre","Alabama, AL"
"Alameda","Alamedda","California, CA"
"Alamosa","Alamusa","Colorado, CO"
"Albany","Albanee","Oregon, OR"
"Albany","Albny","Oregon, OR"
"Albany","Allbany","New York, NY"
"Albertville","Albertvile","Alabama, AL"
"Albuquerque","Abaquerque","New Mexico, NM"
"Albuquerque","Albequerque","New Mexico, NM"
"Albuquerque","Albuqerque","New Mexico, NM"
"Albuquerque","Albuquerqe","New Mexico, NM"
"Algona","Allgona","Washington, WA"
"Algona","Allgona","Iowa, IA"
"Algonquin","Algonkwen","Illinois, IL"
"Algonquin","Algonkwin","Illinois, IL"
"Algonquin","Algonquen","Illinois, IL"
"Allentown","Alentown","Pennsylvania, PA"
"Alma","Amla","Arkansas, AR"
"Anderson","Andarson","South Carolina, SC"
"Ann Arbor","An Arbor","Michigan, MI"
"Annapolis","Anapolis","Maryland, MD"
"Anniston","Aniston","Alabama, AL"
"Anoka","Annoka","Minnesota, MN"
"Anthony","Anthoy","New Mexico, NM"
"Apache Junction","Apach Junction","Arizona, AZ"
"Apache Junction","Apache Junktion","Arizona, AZ"
"Apex","Apecks","North Carolina, NC"
"Apex","Apexs","North Carolina, NC"
"Artesia","Artesea","Mississippi, MS"
"Arvada","Avrada","Colorado, CO"
"Arvada","Rvada","Colorado, CO"
"Ashton","Ashtown","Idaho, ID"
"Aspen","Aspin","Colorado, CO"
"Athens","Athins","Georgia, GA"
"Athol","Atthol","Massachusetts, MA"
"Atlanta","Altanta","Georgia, GA"
"Auburn","Aburn","Alabama, AL"
"Auburn","Aubern","Washington, WA"
"Auburn","Uaburn","Washington, WA"
"Ault","Alt","Colorado, CO"
"Ault","Ult","Colorado, CO"
"Aurora","Arora","Colorado, CO"
"Aurora","Uarora","Illinois, IL"
"Austin","Austen","Texas, TX"
"Bakersfield","Bakersfeild","California, CA"
"Baltimore","Baltimor","Maryland, MD"
"Bandera","Bandere","Texas, TX"
"Bandera","Bandira","Texas, TX"
"Bangor","Banger","Maine, ME"
"Bardstown","Bardston","Kentucky, KY"
"Barre","Bare","Vermont, VT"
"Batavia","Batevia","Illinois, IL"
"Baxter Springs","Bakster Springs","Kansas, KS"
"Bayou La Batre","Bayo La Bater","Alabama, AL"
"Bayou La Batre","Bayo La Batre","Alabama, AL"
"Bayou La Batre","Bayou La Bater","Alabama, AL"
"Bayou La Batre","Bayuo La Batre","Alabama, AL"
"Bayou La Batre","Boyu La Bater","Alabama, AL"
"Bayou La Batre","Boyu La Batre","Alabama, AL"
"Beardstown","Baerdstown","Illinois, IL"
"Beattie","Baettie","Kansas, KS"
"Beattie","Beatie","Kansas, KS"
"Beaver","Beever","Oklahoma, OK"
"Beaver","Bever","Oklahoma, OK"
"Bellevue","Beleevue","Washington, WA"
"Bellevue","Belleveu","Washington, WA"
"Bellingham","Belingham","Washington, WA"
"Bellingham","Belinghem","Washington, WA"
"Belzoni","Belsoni","Mississippi, MS"
"Bemidji","Bemedji","Minnesota, MN"
"Bemidji","Bemidje","Minnesota, MN"
"Bemidji","Bemidjee","Minnesota, MN"
"Berea","Berae","Kentucky, KY"
"Berkeley","Berkley","California, CA"
"Berkeley","Berklui","California, CA"
"Berkeley","Berkly","California, CA"
"Berlin","Berlen","New Hampshire, NH"
"Berlin","Burlin","New Hampshire, NH"
"Berrien Springs","Berian Springs","Michigan, MI"
"Berrien Springs","Brerrian Springs","Michigan, MI"
"Berryville","Berryvile","Arkansas, AR"
"Berthoud","Berthood","Colorado, CO"
"Berthoud","Burthoud","Colorado, CO"
"Bertram","Bertrim","Texas, TX"
"Bessemer","Besemer","Alabama, AL"
"Bethany Beach","Betheny Beach","Delaware, DE"
"Bethlehem","Bethleham","Connecticut, CT"
"Bethlehem","Bethleham","Pennsylvania, PA"
"Biloxi","Bilcksi","Mississippi, MS"
"Biloxi","Bilocksi","Mississippi, MS"
"Binghamton","Bimghamton","New York, NY"
"Birmingham","Bermingham","Alabama, AL"
"Birmingham","Berminghum","Alabama, AL"
"Birmingham","Birminghum","Alabama, AL"
"Birmingham","Brimingham","Alabama, AL"
"Bishop","Bisshop","California, CA"
"Bloomington","Bloomingtown","Illinois, IL"
"Bluefield","Bluefeild","West Virginia, WV"
"Boone","Bonne","North Carolina, NC"
"Boston","Bostun","Massachusetts, MA"
"Bothell","Bothel","Washington, WA"
"Boulder","Bolder","Colorado, CO"
"Bozeman","Bozman","Montana, MT"
"Breaux Bridge","Braeux Bridge","Louisiana, LA"
"Breckenridge","Brekenridge","Colorado, CO"
"Brevard","Breverd","North Carolina, NC"
"Bridgeport","Brigdeport","Connecticut, CT"
"Brinkley","Brinckley","Arkansas, AR"
"Bristol","Bristal","Connecticut, CT"
"Bristol","Bristel","Tennessee, TN"
"Bristol","Bristel","Connecticut, CT"
"Bristol","Bristel","Virginia, VA"
"Bristol","Bristil","Tennessee, TN"
"Brockton","Brocktun","Massachusetts, MA"
"Brockton","Brocton","Massachusetts, MA"
"Brockton","Brokton","Massachusetts, MA"
"Brooklyn","Brooklen","New York, NY"
"Brunswick","Brunswik","Missouri, MO"
"Buena Park","Benua","California, CA"
"Buena Park","Beuna","California, CA"
"Buena Park","Bunena","California, CA"
"Buhl","Buhll","Idaho, ID"
"Buhl","Bulh","Idaho, ID"
"Buhl","Bull","Idaho, ID"
"Burlington","Berlington","Vermont, VT"
"Butte","Bute","Montana, MT"
"Butte","Butt","Montana, MT"
"Byram Township","Biram Township","New Jersey, NJ"
"Calabash","Kalabash","North Carolina, NC"
"Caldwell","Callwel","Texas, TX"
"Caldwell","Callwell","Texas, TX"
"Caldwell","Calwel","Texas, TX"
"Campbell","Campbel","California, CA"
"Campbell","Campbele","California, CA"
"Canon","Cannon","Georgia, GA"
"Carbondale","Carbundale","Colorado, CO"
"Carrboro","Carboro","North Carolina, NC"
"Carrboro","Carrborro","North Carolina, NC"
"Castroville","Castro Ville","California, CA"
"Castroville","Castrovile","California, CA"
"Cawker City","Carker City","Kansas, KS"
"Cedaredge","Cederedge","Colorado, CO"
"Central City","Centrel City","Colorado, CO"
"Chadbourn","Chadborn","North Carolina, NC"
"Champaign-Urbana","Champaign -Urbana","Illinois, IL"
"Champaign-Urbana","Champaign Urbana","Illinois, IL"
"Champaign-Urbana","Champaigne-Urbana","Illinois, IL"
"Champaign-Urbana","Champain -Urbana","Illinois, IL"
"Chandler","Chandlur","Arizona, AZ"
"Charleston","Charleton","South Carolina, SC"
"Charlotte","Charlote","North Carolina, NC"
"Chatsworth","Chatswoorth","California, CA"
"Chatsworth","Chatswourth","California, CA"
"Chattanooga","Chatanoga","Tennessee, TN"
"Chattanooga","Chatanooga","Tennessee, TN"
"Chattanooga","Chattanoga","Tennessee, TN"
"Cherryfield","Cherryfeild","Maine, ME"
"Cheshire","Chessire","Connecticut, CT"
"Cheyenne","Cheyene","Wyoming, WY"
"Chicago","Chicargo","Illinois, IL"
"Chico","Checo","California, CA"
"Chico","Cheico","California, CA"
"Chico","Cheiko","California, CA"
"Chico","Cheko","California, CA"
"Chico","Chiko","California, CA"
"Chula Vista","Chewla Vista","California, CA"
"Chula Vista","Chola Vista","California, CA"
"Chula Vista","Chuula Vista","California, CA"
"Churubusco","Churobusco","Indiana, IN"
"Churubusco","Churubesco","Indiana, IN"
"Cincinnati","Cincinati","Ohio, OH"
"Cincinnati","Cinsinati","Ohio, OH"
"Cincinnati","Cinsinnati","Ohio, OH"
"Cincinnati","Sincinati","Ohio, OH"
"Cincinnati","Sincinnati","Ohio, OH"
"Cincinnati","Sinsinati","Ohio, OH"
"Circleville","Circlevile","Ohio, OH"
"Clark","Clerk","South Dakota, SD"
"Clarksville","Clarksvile","Tennessee, TN"
"Claxton","Claxtown","Georgia, GA"
"Cleveland","Clevland","Ohio, OH"
"Clifton","Clefton","Texas, TX"
"Clifton","Cliften","Texas, TX"
"Clifton","Cliftin","Texas, TX"
"Clovis","Cloves","California, CA"
"Clovis","Kloves","California, CA"
"Clovis","Klovis","California, CA"
"Coachella","Coachela","California, CA"
"Coachella","Coahcela","California, CA"
"Coachella","Coahcella","California, CA"
"Coachella","Cochela","California, CA"
"Coachella","Cochella","California, CA"
"Coconut Creek","Cocanut","Florida, FL"
"Cody","Codee","Wyoming, WY"
"Cody","Codi","Wyoming, WY"
"Collinsville","Collinsvile","Illinois, IL"
"Colonial Beach","Collonial Beach","Virginia, VA"
"Colquitt","Colquit","Georgia, GA"
"Colquitt","Culquitt","Georgia, GA"
"Columbia","Clumbia","Maryland, MD"
"Columbia","Colubia","Maryland, MD"
"Columbia","Columbea","South Carolina, SC"
"Columbus","Calumbus","Indiana, IN"
"Columbus","Colubus","Ohio, OH"
"Columbus","Columbas","Indiana, IN"
"Colville","Colvile","Washington, WA"
"Compton","Comptan","California, CA"
"Compton","Compten","California, CA"
"Concord","Concerd","New Hampshire, NH"
"Conway","Conaway","Arkansas, AR"
"Conway","Connway","Arkansas, AR"
"Cooperstown","Cooperston","New York, NY"
"Cooperstown","Coperstown","New York, NY"
"Coral Springs","Corel Springs","Florida, FL"
"Cordele","Cordell","Georgia, GA"
"Corning","Cornning","California, CA"
"Corning","Cornning","New York, NY"
"Corona","Carona","California, CA"
"Corsicana","Coricana","Texas, TX"
"Corsicana","Corsikana","Texas, TX"
"Cottonwood Heights","Cotonwood Heights","Utah, UT"
"Cottonwood Heights","Cottonwod Heights","Utah, UT"
"Cozad","Cosad","Nebraska, NE"
"Cozad","Cozzad","Nebraska, NE"
"Cranford","Cranferd","New Jersey, NJ"
"Crawford","Crawferd","Nebraska, NE"
"Creede","Crede","Colorado, CO"
"Creede","Creed","Colorado, CO"
"Crested Butte","Crested But","Colorado, CO"
"Crested Butte","Crested Bute","Colorado, CO"
"Crested Butte","Crested Butt","Colorado, CO"
"Crisfield","Crisfeild","Maryland, MD"
"Crystal Lake","Crsytal Lake","Illinois, IL"
"Cuero","Ceuro","Texas, TX"
"Cuero","Cuaro","Texas, TX"
"Dalton","Dawlten","Georgia, GA"
"Dalton","Dawlton","Georgia, GA"
"Daly City","Dally City","California, CA"
"Danbury","Danbery","Connecticut, CT"
"Dannebrog","Danebrog","Nebraska, NE"
"Dannebrog","Dannesborg","Nebraska, NE"
"Danville","Danvile","Kentucky, KY"
"Davis","Daveis","California, CA"
"Davis","Dayvis","California, CA"
"Davison","Davisen","Michigan, MI"
"Dawson","Dawsen","Georgia, GA"
"Dawson","Dawsin","Georgia, GA"
"Dayton","Daeton","Ohio, OH"
"Dayton","Daytown","Ohio, OH"
"DeKalb","Decalb","Illinois, IL"
"DeKalb","DeeKalb","Illinois, IL"
"Decatur","Decater","Alabama, AL"
"Decatur","Decauter","Alabama, AL"
"Decatur","Decautur","Alabama, AL"
"Deer Trail","Dear Trail","Colorado, CO"
"Deland","Daland","Florida, FL"
"Delphos","Delphis","Ohio, OH"
"Delphos","Delphus","Ohio, OH"
"Demopolis","Demopalis","Alabama, AL"
"Denver","Denvar","Colorado, CO"
"Denville","Denvile","New Jersey, NJ"
"Derby","Darby","Connecticut, CT"
"Derry","Dery","New Hampshire, NH"
"Des Allemands","Des Alemands","Louisiana, LA"
"Des Moines","Des Monies","Iowa, IA"
"Detroit","Detriot","Michigan, MI"
"Dickinson","Dicinson","North Dakota, ND"
"Dinuba","Dinuuba","California, CA"
"Dodge City","Dogde City","Kansas, KS"
"Douglas","Doglas","Wyoming, WY"
"Douglas","Duoglas","Alabama, AL"
"Dove Creek","Dove Creak","Colorado, CO"
"Dover","Dovar","Delaware, DE"
"Drayton","Draytown","North Dakota, ND"
"Drumright","Drumrite","Oklahoma, OK"
"Dubach","Debach","Louisiana, LA"
"Duluth","Deluth","Minnesota, MN"
"Dumas","Domas","Arkansas, AR"
"Dumas","Dummas","Arkansas, AR"
"Duncanville","Duncanvile","Texas, TX"
"Durango","Derango","Colorado, CO"
"Dyersville","Dyersvile","Iowa, IA"
"Dyersville","Dyerville","Iowa, IA"
"Eagle Lake","Aegle Lake","Texas, TX"
"Eaton","Eeton","Colorado, CO"
"Eau Claire","Eu Claire","Michigan, MI"
"Edgewater","Egdewater","Colorado, CO"
"El Paso","Eil Paso","Texas, TX"
"El Paso","Il Pase","Texas, TX"
"El Paso","L'Paso","Texas, TX"
"El Reno","El Rino","Oklahoma, OK"
"El Reno","L Rino","Oklahoma, OK"
"Elberton","Elberten","Georgia, GA"
"Elberton","Elbertun","Georgia, GA"
"Elgin","Elgen","South Carolina, SC"
"Elgin","Elgen","Texas, TX"
"Elgin","Lgen","South Carolina, SC"
"Elgin","Lgin","South Carolina, SC"
"Elizabethton","Elisabethton","Tennessee, TN"
"Elizabethton","Elizabetham","Tennessee, TN"
"Elizabethton","Elizabethten","Tennessee, TN"
"Elkhart","Elkheart","Indiana, IN"
"Elkhart","Ellkhart","Indiana, IN"
"Emerson","Emmerson","Arkansas, AR"
"Emmetsburg","Emetsburg","Iowa, IA"
"Emmetsburg","Emmitsburg","Iowa, IA"
"Enumclaw","Imunclaw","Washington, WA"
"Erie","Eerie","Pennsylvania, PA"
"Erie","Erei","Pennsylvania, PA"
"Erwin","Irwin","North Carolina, NC"
"Eufaula","Ufaula","Alabama, AL"
"Eugene","Eugean","Oregon, OR"
"Eugene","Ugene","Oregon, OR"
"Eustis","Eutes","Florida, FL"
"Eustis","Ustis","Florida, FL"
"Fairfield","Fairfeild","Iowa, IA"
"Fallbrook","Fallbroock","California, CA"
"Fallon","Falon","Nevada, NV"
"Farmington","Farmingten","Maine, ME"
"Fayetteville","Faeteville","Arkansas, AR"
"Fayetteville","Faetteville","Arkansas, AR"
"Fayetteville","Fayetevile","North Carolina, NC"
"Fayetteville","Fayeteville","Arkansas, AR"
"Fayetteville","Fayeteville","North Carolina, NC"
"Fayetteville","Fayettevile","North Carolina, NC"
"Fayetteville","Fayettville","Arkansas, AR"
"Fayetteville","Fayetvile","North Carolina, NC"
"Fayetteville","Fayetville","Arkansas, AR"
"Fayetteville","Fayetville","North Carolina, NC"
"Fernandina Beach","Fernadina Beach","Florida, FL"
"Fernandina Beach","Fernandena Beach","Florida, FL"
"Flagstaff","Flagstaf","Arizona, AZ"
"Forestville","Forestvile","California, CA"
"Forestville","Forrestville","California, CA"
"Fort Collins","Fort Colins","Colorado, CO"
"Fort Dodge","Fort Dogde","Iowa, IA"
"Fort Lauderdale","Fort Laderdale","Florida, FL"
"Fort Lee","Fort Le","New Jersey, NJ"
"Fort Myers","Fort Miers","Florida, FL"
"Fort Payne","Fort Pane","Alabama, AL"
"Fort Thompson","Fort Tompson","South Dakota, SD"
"Fort Wayne","Fort Waine","Indiana, IN"
"Fort Wayne","Fort Wayn","Indiana, IN"
"Fort Worth","Fort Wort","Texas, TX"
"Fortescue","Fortesceu","New Jersey, NJ"
"Fortescue","Fortescu","New Jersey, NJ"
"Fruita","Fruta","Colorado, CO"
"Fulton","Fullton","New York, NY"
"Gainesville","Gainsvile","Florida, FL"
"Gainesville","Gainsvile","Georgia, GA"
"Galilee","Galalee","Rhode Island, RI"
"Galilee","Gallilee","Rhode Island, RI"
"Gallup","Gallop","New Mexico, NM"
"Galveston","Galverten","Texas, TX"
"Galveston","Galvestin","Texas, TX"
"Gary","Garry","Indiana, IN"
"Gaylord","Gaelord","Michigan, MI"
"Genoa","Genao","Nevada, NV"
"Gilroy","Gillroy","California, CA"
"Girard","Girad","Kansas, KS"
"Glendale","Glendele","California, CA"
"Glendive","Glendeve","Montana, MT"
"Gloucester","Glocester","Massachusetts, MA"
"Gloucester","Glochester","Massachusetts, MA"
"Goleta","Goeleta","California, CA"
"Goleta","Golleta","California, CA"
"Gonzales","Gonzals","Louisiana, LA"
"Granville","Granvile","New York, NY"
"Greeley","Greely","Colorado, CO"
"Greeley","Greley","Colorado, CO"
"Green Forest","Green Forrest","Arkansas, AR"
"Greenfield","Greenfeild","California, CA"
"Greenville","Greenvile","Alabama, AL"
"Greenville","Greenvile","South Carolina, SC"
"Greenwood","Greenwod","South Carolina, SC"
"Gridley","Grideley","California, CA"
"Griffin","Grifin","Georgia, GA"
"Griggsville","Griggsvile","Illinois, IL"
"Griggsville","Grigsville","Illinois, IL"
"Grinnell","Grinell","Iowa, IA"
"Grinnell","Grinnel","Iowa, IA"
"Groton","Groten","Connecticut, CT"
"Groton","Growton","Connecticut, CT"
"Gueydan","Geuydan","Louisiana, LA"
"Gulfport","Gulf port","Mississippi, MS"
"Hacienda Heights","Hacenda Heights","California, CA"
"Hacienda Heights","Haicenda Heights","California, CA"
"Hacienda Heights","Haisenda Heights","California, CA"
"Hacienda Heights","Hasenda Heights","California, CA"
"Hadley","Hadly","Massachusetts, MA"
"Hagerstown","Hagerston","Maryland, MD"
"Hagerstown","Hagerton","Maryland, MD"
"Haines","Hains","Alaska, AK"
"Haines","Haynes","Alaska, AK"
"Haines","Hayns","Alaska, AK"
"Haines City","Hanies City","Florida, FL"
"Haines City","Haynes City","Florida, FL"
"Haleyville","Haleyvile","Alabama, AL"
"Hamden","Hamdin","Connecticut, CT"
"Hamilton","Hamelton","Texas, TX"
"Hamilton","Hamiltown","Texas, TX"
"Hammondsport","Hamondsport","New York, NY"
"Hannibal","Hanibal","Missouri, MO"
"Hartford","Hartferd","Connecticut, CT"
"Hartselle","Hartsele","Alabama, AL"
"Hastings","Hasting","Nebraska, NE"
"Hattiesburg","Hatiesburg","Mississippi, MS"
"Hattiesburg","Hattesburg","Mississippi, MS"
"Haverstraw","Haversstraw","New York, NY"
"Haysville","Haysvile","Kansas, KS"
"Hercules","Heracles","California, CA"
"Hercules","Hercales","California, CA"
"Hershey","Hershy","Pennsylvania, PA"
"Hershey","Hurshy","Pennsylvania, PA"
"Hialeah","Hialaeh","Florida, FL"
"Hialeah","Hialeh","Florida, FL"
"Hialeah","Hileah","Florida, FL"
"Holtville","Holtvile","California, CA"
"Holyoke","Hollyoak","Massachusetts, MA"
"Holyoke","Hollyoke","Massachusetts, MA"
"Holyoke","Holyoak","Massachusetts, MA"
"Honaker","Honerker","Virginia, VA"
"Honaker","Hunaker","Virginia, VA"
"Honolulu","Honnolulu","Hawaii, HI"
"Honolulu","Honololu","Hawaii, HI"
"Honolulu","Honoluluu","Hawaii, HI"
"Hot Springs","Hot Spring","Arkansas, AR"
"Houston","Hoston","Texas, TX"
"Houston","Houstin","Texas, TX"
"Houston","Huoston","Texas, TX"
"Houston","Huston","Texas, TX"
"Hueytown","Heuytown","Alabama, AL"
"Huntington Beach","Huntingdon Beach","California, CA"
"Huntley","Huntly","Illinois, IL"
"Huntsville","Huntsvile","Alabama, AL"
"Huntsville","Huntsvile","Texas, TX"
"Ilwaco","Llwaco","Washington, WA"
"Independence","Indepandence","Missouri, MO"
"Independence","Independance","Missouri, MO"
"Indiana","Indianna","Pennsylvania, PA"
"Indianapolis","Indianaopolis","Indiana, IN"
"Indianapolis","Inianapolis","Indiana, IN"
"Indio","Indeo","California, CA"
"Inola","Enola","Oklahoma, OK"
"Inola","Inolah","Oklahoma, OK"
"Isleton","Iselton","California, CA"
"Isleton","Isletun","California, CA"
"Isleton","Istelon","California, CA"
"Jackson","Jakson","Michigan, MI"
"Jackson","Jakson","Mississippi, MS"
"Jacksonville","Jacksonvile","Alabama, AL"
"Jacksonville","Jacksonvile","Florida, FL"
"Jamestown","Jameston","North Dakota, ND"
"Jasper","Japser","Arkansas, AR"
"Jennings","Jenings","Kansas, KS"
"Jennings","Jenings","Louisiana, LA"
"Jerome","Jerom","Arizona, AZ"
"Jersey City","Jersy City","New Jersey, NJ"
"Johnson City","Johnsson City","Tennessee, TN"
"Johnstown","Johnston","Pennsylvania, PA"
"Joliet","Joeliet","Illinois, IL"
"Joliet","Jolliet","Illinois, IL"
"Jonesboro","Jonesborough","Arkansas, AR"
"Jonesboro","Jonesburo","Arkansas, AR"
"Jonesborough","Jonesboro","Tennessee, TN"
"Juneau","Jeenay","Alaska, AK"
"Juneau","Jenau","Alaska, AK"
"Juneau","Junaeu","Alaska, AK"
"Kalamazoo","Calamazoo","Michigan, MI"
"Kalamazoo","Kalamazo","Michigan, MI"
"Kalispell","Kalispel","Montana, MT"
"Kalispell","Kalisspell","Montana, MT"
"Kannapolis","Kanapolis","North Carolina, NC"
"Kansas City","Kanses City","Missouri, MO"
"Kansas City","Kansus City","Kansas, KS"
"Kaufman","Caufman","Texas, TX"
"Kaufman","Kafman","Texas, TX"
"Kaufman","Kufman","Texas, TX"
"Keansburg","Keansberg","New Jersey, NJ"
"Keene","Kene","New Hampshire, NH"
"Keene","Kenne","New Hampshire, NH"
"Keizer","Kaiser","Oregon, OR"
"Keizer","Kaizer","Oregon, OR"
"Keizer","Keiser","Oregon, OR"
"Keizer","Keizar","Oregon, OR"
"Kelso","Kellso","Washington, WA"
"Kenai","Kanai","Alaska, AK"
"Kenai","Keani","Alaska, AK"
"Kenai","Kenei","Alaska, AK"
"Kenai","Kinai","Alaska, AK"
"Kennesaw","Kenesaw","Georgia, GA"
"Kennesaw","Kennisaw","Georgia, GA"
"Kenton","Kenten","Tennessee, TN"
"Keokuk","Keokuck","Iowa, IA"
"Keokuk","Kiokuck","Iowa, IA"
"Keokuk","Kiokuk","Iowa, IA"
"Ketchikan","Kechikan","Alaska, AK"
"Ketchikan","Kecthikan","Alaska, AK"
"Ketchikan","Ketchekan","Alaska, AK"
"Kewanee","Kewane","Illinois, IL"
"Kewanee","Kewanne","Illinois, IL"
"Kingsville","Kingsvile","Texas, TX"
"Kirkland","Kirikland","Washington, WA"
"Kirkwood","Kircwood","Missouri, MO"
"Kirwin","Kerwin","Kansas, KS"
"Kirwin","Kirwen","Kansas, KS"
"Knik","Kuhnick","Alaska, AK"
"Knik","Kunik","Alaska, AK"
"Knik","Nik","Alaska, AK"
"Knoxville","Knoxvile","Tennessee, TN"
"Kodiak","Codiak","Alaska, AK"
"Kodiak","Kodiac","Alaska, AK"
"Kokomo","Cocomo","Indiana, IN"
"Kokomo","Kocomo","Indiana, IN"
"La Crosse","La Crose","Kansas, KS"
"Lafayette","Lafayate","Louisiana, LA"
"Lafayette","Lafayatt","Louisiana, LA"
"Lafayette","Lafayatte","Louisiana, LA"
"Lake Benton","Lake Benten","Minnesota, MN"
"Lake Benton","Lake Binton","Minnesota, MN"
"Lake Oswego","Lake Auswego","Oregon, OR"
"Laramie","Laramy","Wyoming, WY"
"Las Vegas","Las Vagas","Nevada, NV"
"Lathrop","Lathrup","Missouri, MO"
"Lebanon","Lebannon","Tennessee, TN"
"Lebanon","Lebanonn","Tennessee, TN"
"Lecompte","Lecompt","Louisiana, LA"
"Lenexa","Leneksa","Kansas, KS"
"Lenoir City","Lenor","Tennessee, TN"
"Leola","Leeola","South Dakota, SD"
"Leola","Loela","South Dakota, SD"
"Leoti","Loeti","Kansas, KS"
"Lewes","Leuus","Delaware, DE"
"Lewes","Lewis","Delaware, DE"
"Lexington","Lexingtown","Kentucky, KY"
"Lexington","Lexingtown","Massachusetts, MA"
"Limon","Lemon","Colorado, CO"
"Lincoln","Linclon","Alabama, AL"
"Lincoln","Linclon","Nebraska, NE"
"Lincoln","Linculn","Alabama, AL"
"Linden","Lindin","California, CA"
"Lindsborg","Lindborg","Kansas, KS"
"Lithonia","Lethonia","Georgia, GA"
"Little Rock","Littel Rock","Arkansas, AR"
"Lockport","Lokport","New York, NY"
"Lodi","Laudy","California, CA"
"Lodi","Lody","California, CA"
"Lodi","Lordy","California, CA"
"Lodi","Lowdy","California, CA"
"Lombard","Lomberd","Illinois, IL"
"Lompoc","Lompac","California, CA"
"Lompoc","Lompack","California, CA"
"Lompoc","Lumpac","California, CA"
"Lompoc","Lumpack","California, CA"
"Long Beach","Long Baech","California, CA"
"Long Beach","Long Beech","California, CA"
"Los Angeles","Los Angels","California, CA"
"Los Angeles","Los Angleles","California, CA"
"Los Angeles","Los Angles","California, CA"
"Louisville","Louisvile","Kentucky, KY"
"Loup City","Loop City","Nebraska, NE"
"Lowell","Lowel","Arkansas, AR"
"Lowell","Lowel","Massachusetts, MA"
"Lynchburg","Lenchburg","Virginia, VA"
"Lynchburg","Lynchberg","Virginia, VA"
"Madison","Madisen","Wisconsin, WI"
"Maggie Valley","Magie Valley","North Carolina, NC"
"Malvern","Mallvern","Arkansas, AR"
"Malvern","Malverne","Arkansas, AR"
"Manchester","Machester","New Hampshire, NH"
"Manchester","Mancester","New Hampshire, NH"
"Manchester","Manchestar","Connecticut, CT"
"Manhattan","Manhatan","Kansas, KS"
"Manhattan","Manhatan","New York, NY"
"Mannford","Manferd","Oklahoma, OK"
"Mannford","Manford","Oklahoma, OK"
"Mannford","Mannferd","Oklahoma, OK"
"Marion","Maryon","Indiana, IN"
"Marionville","Marionvile","Missouri, MO"
"Marseilles","Merseiles","Illinois, IL"
"Marseilles","Merseilles","Illinois, IL"
"Marseilles","Merselles","Illinois, IL"
"Marseilles","Mersiles","Illinois, IL"
"Marysville","Marrysvile","California, CA"
"Marysville","Marrysville","California, CA"
"Marysville","Marysvile","California, CA"
"Marysville","Marysvile","Kansas, KS"
"Mattoon","Maton","Illinois, IL"
"Mattoon","Matton","Illinois, IL"
"McAllen","MacAlen","Texas, TX"
"McAllen","MacAllen","Texas, TX"
"McAllen","McAlen","Texas, TX"
"McCloud","MCloud","California, CA"
"McCloud","MacCloud","California, CA"
"McMinnville","McMinnvile","Tennessee, TN"
"McMinnville","McMinvile","Tennessee, TN"
"McMinnville","McMinville","Tennessee, TN"
"Medfield","Medfeild","Massachusetts, MA"
"Melbourne","Melborn","Florida, FL"
"Melbourne","Melborne","Florida, FL"
"Melbourne","Melburne","Florida, FL"
"Memphis","Memfis","Tennessee, TN"
"Merced","Merked","California, CA"
"Merced","Murced","California, CA"
"Meredith","Meridith","New Hampshire, NH"
"Meriden","Mariden","Connecticut, CT"
"Meriden","Merriden","Connecticut, CT"
"Meriden","Meryden","Connecticut, CT"
"Mesick","Misick","Michigan, MI"
"Metropolis","Metropalis","Illinois, IL"
"Miami","Maimi","Florida, FL"
"Miami","Miame","Florida, FL"
"Miami","Myame","Florida, FL"
"Miami","Myami","Florida, FL"
"Middletown","Midletown","Connecticut, CT"
"Midlothian","Midlothien","Texas, TX"
"Midlothian","Mildthoian","Texas, TX"
"Millinocket","Milinocket","Maine, ME"
"Millinocket","Millinoket","Maine, ME"
"Milpitas","Milepeters","California, CA"
"Milpitas","Milepitas","California, CA"
"Milpitas","Milipitas","California, CA"
"Milpitas","Milipiters","California, CA"
"Milpitas","Millipeters","California, CA"
"Milpitas","Millipitas","California, CA"
"Milwaukee","Milwake","Wisconsin, WI"
"Milwaukee","Milwakee","Wisconsin, WI"
"Minneapolis","Mineapolis","Minnesota, MN"
"Minneapolis","Minnapolis","Minnesota, MN"
"Minneapolis","Minneaoplis","Minnesota, MN"
"Mishawaka","Meshawaka","Indiana, IN"
"Mishawaka","Mishawacka","Indiana, IN"
"Missoula","Misoula","Montana, MT"
"Missoula","Missola","Montana, MT"
"Missoula","Missula","Montana, MT"
"Modesto","Modisto","California, CA"
"Monterey","Montery","California, CA"
"Montgomery","Mountgomery","Minnesota, MN"
"Montgomery","Muntgomery","Alabama, AL"
"Montgomery","Muntgomery","Minnesota, MN"
"Monticello","Monticelo","Minnesota, MN"
"Morton","Morten","Illinois, IL"
"Mount Ida","Mount Idah","Arkansas, AR"
"Mount Pleasant","Mount Plaesent","Texas, TX"
"Mount Pleasant","Mount Pleasant","Texas, TX"
"Mount Pleasant","Mount Pleasent","Texas, TX"
"Mountain View","Mountain Veiw","Arkansas, AR"
"Muskegon","Muskigon","Michigan, MI"
"Myrtle Beach","Mertle Beach","South Carolina, SC"
"Naperville","Napervile","Illinois, IL"
"Nashua","Nashuwa","New Hampshire, NH"
"Nashville","Nashvile","Arkansas, AR"
"Nashville","Nashvile","Georgia, GA"
"Nashville","Nashvile","Tennessee, TN"
"Naugatuck","Nagatuck","Connecticut, CT"
"Naugatuck","Naguatuck","Connecticut, CT"
"Naugatuck","Nagutuck","Connecticut, CT"
"Naugatuck","Naugatack","Connecticut, CT"
"Naugatuck","Naugatauk","Connecticut, CT"
"Nederland","Nedarland","Colorado, CO"
"Neosho","Noesho","Missouri, MO"
"New Britain","New Britin","Connecticut, CT"
"New Brunswick","Brenswick","New Jersey, NJ"
"New Brunswick","Brunswik","New Jersey, NJ"
"New Castle","New Castel","Pennsylvania, PA"
"New Haven","New Havan","Connecticut, CT"
"New Haven","New Heaven","Connecticut, CT"
"New Orleans","New Orlaens","Louisiana, LA"
"New Rochelle","New Rochele","New York, NY"
"New Rochelle","New Roshele","New York, NY"
"New Rochelle","New Roshelle","New York, NY"
"New Ulm","New Elm","Minnesota, MN"
"New York","New York City","New York, NY"
"New York","New Yurk City","New York, NY"
"New York","nyc","New York, NY"
"Newark","Neuark","New Jersey, NJ"
"Newberry","Newbury","Michigan, MI"
"Newberry","Nuberry","Michigan, MI"
"Newburyport","Newberyport","Massachusetts, MA"
"Newnan","Newman","Georgia, GA"
"Newnan","Nuuman","Georgia, GA"
"Newport","Nuuport","Rhode Island, RI"
"Niagara Falls","Niagra Falls","New York, NY"
"Norco","Norko","California, CA"
"Norman","Normann","Oklahoma, OK"
"North Adams","North Adums","Massachusetts, MA"
"North Loup","North Loop","Nebraska, NE"
"North Platte","North Plate","Nebraska, NE"
"North Tonawanda","North Tonwanda","New York, NY"
"Northampton","Northhampton","Massachusetts, MA"
"Northampton","Northhamptown","Massachusetts, MA"
"Northfield","Northfeild","Minnesota, MN"
"Norwich","Norwhich","Connecticut, CT"
"Norwich","Norwitch","Connecticut, CT"
"O'Fallon","O'Fallen","Missouri, MO"
"O'Fallon","Ofallen","Missouri, MO"
"O'Neill","O'Neil","Nebraska, NE"
"O'Neill","Oneil","Nebraska, NE"
"Oak Ridge","Oak Rigde","Tennessee, TN"
"Oakland","Okeland","Nebraska, NE"
"Ocean City","Ocaen City","New Jersey, NJ"
"Ocoee","Ocoei","Florida, FL"
"Ocoee","Ocooe","Florida, FL"
"Ocoee","Okooe","Florida, FL"
"Ogdensburg","Odgensburg","New York, NY"
"Ogdensburg","Ogdensberg","New York, NY"
"Okeechobee","Oceechobe","Florida, FL"
"Okeechobee","Oceechobee","Florida, FL"
"Okeechobee","Okechobee","Florida, FL"
"Oklahoma City","Oaklohoma City","Oklahoma, OK"
"Oklahoma City","Oklaoma City","Oklahoma, OK"
"Olathe","Olath","Kansas, KS"
"Olney","Alnee","Illinois, IL"
"Olney","Olnee","Illinois, IL"
"Omaha","Omeha","Nebraska, NE"
"Onaway","Onrway","Michigan, MI"
"Onaway","Unaway","Michigan, MI"
"Orem","Orim","Utah, UT"
"Orem","Urem","Utah, UT"
"Ormond Beach","Ormend Beach","Florida, FL"
"Oroville","Orovile","California, CA"
"Ouray","Owray","Colorado, CO"
"Ouray","Uray","Colorado, CO"
"Owensboro","Owensborough","Kentucky, KY"
"Oxnard","Oxnerd","California, CA"
"Ozark","Osark","Alabama, AL"
"Pacifica","Pacifika","California, CA"
"Pacifica","Paecifica","California, CA"
"Paducah","Padukah","Kentucky, KY"
"Palisade","Palicade","Colorado, CO"
"Palm Springs","Plam Springs","California, CA"
"Panama City Beach","Pamama Beach","Florida, FL"
"Panama City Beach","Pananma Beach","Florida, FL"
"Parsons","Parsins","Kansas, KS"
"Pasadena","Paesadena","California, CA"
"Pasadena","Pasedena","California, CA"
"Paterson","Patarson","New Jersey, NJ"
"Pawtucket","Pautucket","Rhode Island, RI"
"Peabody","Peebody","Massachusetts, MA"
"Pearsonville","Pearsonvile","California, CA"
"Pearsonville","Personville","California, CA"
"Pensacola","Pensecola","Florida, FL"
"Pensacola","Pensicola","Florida, FL"
"Peoria","Peeoria","Illinois, IL"
"Peoria","Peorhia","Illinois, IL"
"Perth Amboy","Pert Amboy","New Jersey, NJ"
"Perth Amboy","Perth Amboi","New Jersey, NJ"
"Peru","Peruu","Indiana, IN"
"Petersburg","Petersberg","West Virginia, WV"
"Phelps","Felps","New York, NY"
"Philadelphia","Philedelphia","Pennsylvania, PA"
"Philadelphia","Philidelphia","Pennsylvania, PA"
"Philadelphia","Piladelphia","Pennsylvania, PA"
"Phoenix","Fenix","Arizona, AZ"
"Phoenix","Phenix","Arizona, AZ"
"Phoenix","Pheonix","Arizona, AZ"
"Pikeville","Pikevile","Kentucky, KY"
"Pinehurst","Pinhurt","North Carolina, NC"
"Pittsburg","Pitsburg","Kansas, KS"
"Pittsburg","Pittburg","Kansas, KS"
"Pittsburg","Pittsburgh","Kansas, KS"
"Pittsburgh","Pitsberg","Pennsylvania, PA"
"Pittsburgh","Pitsburg","Pennsylvania, PA"
"Pittsburgh","Pitsburgh","Pennsylvania, PA"
"Pittsburgh","Pittsberg","Pennsylvania, PA"
"Pittsburgh","Pittsburg","Pennsylvania, PA"
"Placerville","Placervile","California, CA"
"Placerville","Plaserville","California, CA"
"Plainfield","Planfeild","New Jersey, NJ"
"Plano","Planno","Texas, TX"
"Plymouth","Plemouth","Massachusetts, MA"
"Plymouth","Plymoth","Massachusetts, MA"
"Plymouth","Plymuth","Massachusetts, MA"
"Pocatello","Pocatelo","Idaho, ID"
"Ponchatoula","Poncatoula","Louisiana, LA"
"Ponchatoula","Ponchatola","Louisiana, LA"
"Ponchatoula","Ponchatula","Louisiana, LA"
"Portland","Port Land","Oregon, OR"
"Prattville","Pratvile","Alabama, AL"
"Prattville","Pratville","Alabama, AL"
"Prescott","Prescot","Arizona, AZ"
"Presque Isle","Preskie Isle","Maine, ME"
"Presque Isle","Presqu Isle","Maine, ME"
"Preston","Prestin","Minnesota, MN"
"Provincetown","Provinceton","Massachusetts, MA"
"Provo","Provvo","Utah, UT"
"Pueblo","Peublo","Colorado, CO"
"Punxsutawney","Punsutawney","Pennsylvania, PA"
"Punxsutawney","Punsutawny","Pennsylvania, PA"
"Punxsutawney","Punxutawney","Pennsylvania, PA"
"Punxsutawney","Puxsutawny","Pennsylvania, PA"
"Purcell","Percel","Oklahoma, OK"
"Purcell","Percell","Oklahoma, OK"
"Purcell","Persel","Oklahoma, OK"
"Purcell","Persell","Oklahoma, OK"
"Purcell","Purcel","Oklahoma, OK"
"Purcell","Pursel","Oklahoma, OK"
"Quincy","Kwincy","Illinois, IL"
"Quinter","Kwinter","Kansas, KS"
"Quitman","Quietman","Texas, TX"
"Quitman","Quiteman","Texas, TX"
"Radford","Radferd","Virginia, VA"
"Radford","Redford","Virginia, VA"
"Raleigh","Raliegh","North Carolina, NC"
"Raleigh","Ralley","North Carolina, NC"
"Randolph","Randolf","Nebraska, NE"
"Ray","Rae","North Dakota, ND"
"Rayne","Rain","Louisiana, LA"
"Rayne","Raine","Louisiana, LA"
"Rayne","Rayn","Louisiana, LA"
"Reading","Reeding","Pennsylvania, PA"
"Redmond","Redmund","Washington, WA"
"Redwood City","Redwod","California, CA"
"Redwood City","Redwould","California, CA"
"Reedley","Readley","California, CA"
"Reedley","Reedly","California, CA"
"Rehoboth Beach","Reehaboth Beach","Delaware, DE"
"Rehoboth Beach","Reehoboth Beach","Delaware, DE"
"Rehoboth Beach","Rihoboth Beach","Delaware, DE"
"Renfro Valley","Rinfro","Kentucky, KY"
"Reno","Rino","Nevada, NV"
"Rhinebeck","Rhineback","New York, NY"
"Rhinebeck","Rineback","New York, NY"
"Richmond","Richmend","Virginia, VA"
"Rio Rancho","Ria Ranco","New Mexico, NM"
"Roanoke","Roanoak","Virginia, VA"
"Roanoke","Ronoke","Virginia, VA"
"Rochester","Rocester","New York, NY"
"Rochester","Rochesster","New Hampshire, NH"
"Rockland","Rokland","Maine, ME"
"Roscoe","Rosco","New York, NY"
"Roscoe","Rossco","New York, NY"
"Roswell","Roswel","New Mexico, NM"
"Rumney","Rumknee","New Hampshire, NH"
"Rumney","Rumnee","New Hampshire, NH"
"Rumney","Rumny","New Hampshire, NH"
"Russell Springs","Russel Springs","Kansas, KS"
"Rutland","Rutlend","Vermont, VT"
"Sacramento","Sackramento","California, CA"
"Sacramento","Sackremento","California, CA"
"Sacramento","Sacremento","California, CA"
"Saint Paul","Siant Paul","Minnesota, MN"
"Salem","Salam","Massachusetts, MA"
"Salem","Salam","Missouri, MO"
"Salem","Salam","New Hampshire, NH"
"Salem","Salam","Oregon, OR"
"Salem","Selem","Massachusetts, MA"
"Salina","Salena","Kansas, KS"
"San Angelo","San Agilo","Texas, TX"
"San Angelo","San Angilo","Texas, TX"
"San Diego","San Deago","California, CA"
"San Diego","San Deigo","California, CA"
"San Diego","San Diago","California, CA"
"San Francisco","San Francesco","California, CA"
"San Francisco","San Fransico","California, CA"
"San Jose","San Hose","California, CA"
"San Jose","San Hosey","California, CA"
"San Jose","San Josay","California, CA"
"Sandersville","Sandersvile","Georgia, GA"
"Sanger","Sangar","California, CA"
"Sansom Park","Sansem Park","Texas, TX"
"Sansom Park","Sansum Park","Texas, TX"
"Santa Cruz","Santa Cruise","California, CA"
"Santa Fe","Santa Fae","New Mexico, NM"
"Santa Fe","Santa Fay","New Mexico, NM"
"Santa Monica","Santa Monika","California, CA"
"Santa Rosa","Santa Rosea","New Mexico, NM"
"Sarasota","Saraota","Florida, FL"
"Sarasota","Sarastoa","Florida, FL"
"Saratoga","Saratuga","Wyoming, WY"
"Saratoga Springs","Sarahtoga Springs","New York, NY"
"Savannah","Savanah","Georgia, GA"
"Schenectady","Schenactdy","New York, NY"
"Schenectady","Schenctady","New York, NY"
"Schenectady","Schnectady","New York, NY"
"Scottsdale","Scotdale","Arizona, AZ"
"Scottsdale","Scotsdale","Arizona, AZ"
"Scranton","Scrannton","Pennsylvania, PA"
"Seaford","Seeford","Delaware, DE"
"Seaside Heights","Seaside Hieghts","New Jersey, NJ"
"Sedalia","Sadalia","Missouri, MO"
"Sedona","Cedona","Arizona, AZ"
"Sedona","Sedonna","Arizona, AZ"
"Selma","Sellma","California, CA"
"Senatobia","Sentaobia","Mississippi, MS"
"Senatobia","Sentobia","Mississippi, MS"
"Severance","Saverance","Colorado, CO"
"Severance","Sevarance","Colorado, CO"
"Shelbyville","Shelbyvile","Tennessee, TN"
"Shelbyville","Shellbyvile","Tennessee, TN"
"Shelbyville","Shellbyville","Tennessee, TN"
"Sierra Vista","Seerra Vista","Arizona, AZ"
"Sierra Vista","Siera Vista","Arizona, AZ"
"Siloam Springs","Seloam Springs","Arkansas, AR"
"Siloam Springs","Silaom Springs","Arkansas, AR"
"Sioux City","Siou City","Iowa, IA"
"Sioux City","Sious City","Iowa, IA"
"Sioux City","Soux City","Iowa, IA"
"Sioux Falls","Soux Falls","South Dakota, SD"
"Sitka","Sitca","Alaska, AK"
"Slocomb","Slokomb","Alabama, AL"
"Slocomb","Slowcomb","Alabama, AL"
"Soldiers Grove","Soilders Grave","Wisconsin, WI"
"Soldiers Grove","Soildiers Grove","Wisconsin, WI"
"Solvang","Sulvang","California, CA"
"Somerville","Somervile","Massachusetts, MA"
"South Haven","South Heven","Michigan, MI"
"Spartanburg","Spartanberg","South Carolina, SC"
"Spencer","Spenser","Idaho, ID"
"Spokane","Spokan","Washington, WA"
"Springfield","Springfeild","Illinois, IL"
"Springfield","Springfeild","Massachusetts, MA"
"Springfield","Springfeild","Missouri, MO"
"Springville","Spingvile","Utah, UT"
"St. Albans","Saint Albans","Vermont, VT"
"St. Albans","St Albans","Vermont, VT"
"St. Cloud","St. Cluod","Minnesota, MN"
"St. Louis","St Louis","Missouri, MO"
"St. Martinville","St. Martinvile","Louisiana, LA"
"St. Petersburg","St Petersburg","Florida, FL"
"St. Petersburg","St. Petersberg","Florida, FL"
"Stamford","Stamferd","Connecticut, CT"
"Staten Island","Statan Island","New York, NY"
"Staten Island","Statin Island","New York, NY"
"Stilwell","Stillwell","Oklahoma, OK"
"Stilwell","Stilwel","Oklahoma, OK"
"Stockton","Stocton","California, CA"
"Stockton","Stokton","California, CA"
"Strongsville","Strongsvile","Ohio, OH"
"Stuttgart","Stutgart","Arkansas, AR"
"Stuttgart","Stutgartt","Arkansas, AR"
"Sugar Land","Seger Land","Texas, TX"
"Sugar Land","Shuger Land","Texas, TX"
"Sugar Land","Suger Land","Texas, TX"
"Sugarcreek","Sugercreek","Ohio, OH"
"Sumner","Sumer","Missouri, MO"
"Sumner","Summer","Missouri, MO"
"Sumner","Sumneer","Washington, WA"
"Sun Prairie","Sun Prarie","Wisconsin, WI"
"Sunnyvale","Sunyvale","California, CA"
"Sylacauga","Sylacaga","Alabama, AL"
"Sylacauga","Sylacuga","Alabama, AL"
"Tacoma","Tacomah","Washington, WA"
"Tacoma","Takoma","Washington, WA"
"Takoma Park","Takomma Park","Maryland, MD"
"Takoma Park","Takuma Park","Maryland, MD"
"Talent","Talint","Oregon, OR"
"Talent","Telant","Oregon, OR"
"Tallahassee","Talahase","Florida, FL"
"Tallahassee","Talahasse","Florida, FL"
"Tallahassee","Talahassee","Florida, FL"
"Tallahassee","Tallahasee","Florida, FL"
"Tallahassee","Tallahasse","Florida, FL"
"Taos","Toas","New Mexico, NM"
"Tarpon Springs","Tarpun Springs","Florida, FL"
"Tarpon Springs","Terpon Springs","Florida, FL"
"Tarpon Springs","Terpun Springs","Florida, FL"
"Tarryall","Taryall","Colorado, CO"
"Taunton","Taton","Massachusetts, MA"
"Taunton","Tauton","Massachusetts, MA"
"Taunton","Tuton","Massachusetts, MA"
"Telluride","Telleride","Colorado, CO"
"Telluride","Toelleride","Colorado, CO"
"Terlingua","Terengua","Texas, TX"
"Terlingua","Teringau","Texas, TX"
"Terlingua","Teringua","Texas, TX"
"Terlingua","Tiringua","Texas, TX"
"Terre Haute","Tere Haute","Indiana, IN"
"Terre Haute","Terre Hate","Indiana, IN"
"Texarkana","Texakana","Arkansas, AR"
"Texarkana","Texerkana","Arkansas, AR"
"Texas City","Texaz City","Texas, TX"
"Texas City","Texsas City","Texas, TX"
"The Colony","The Colonny","Texas, TX"
"Thomasville","Thomasvile","North Carolina, NC"
"Toledo","Tolado","Ohio, OH"
"Toledo","Tolido","Ohio, OH"
"Tombstone","Toambstone","Arizona, AZ"
"Tombstone","Toamstone","Arizona, AZ"
"Towner","Toner","North Dakota, ND"
"Traverse City","Taverse City","Michigan, MI"
"Traverse City","Travese City","Michigan, MI"
"Troy","Troie","New York, NY"
"Tucson","Tuscon","Arizona, AZ"
"Tulelake","Tuellake","California, CA"
"Tulsa","Telsa","Oklahoma, OK"
"Tulsa","Toolsah","Oklahoma, OK"
"Tuscaloosa","Tucsaloosa","Alabama, AL"
"Tuscaloosa","Tuscalosa","Alabama, AL"
"Tuskegee","Tucksegee","Alabama, AL"
"Tuskegee","Tuskagee","Alabama, AL"
"Tyler","Tieler","Texas, TX"
"Tyler","Tiler","Texas, TX"
"Unadilla","Unadila","Nebraska, NE"
"Valdosta","Faldosta","Georgia, GA"
"Valdosta","Valdusta","Georgia, GA"
"Valley City","Valey City","Ohio, OH"
"Valparaiso","Valapariso","Indiana, IN"
"Valparaiso","Valpariso","Indiana, IN"
"Vicksburg","Vicksberg","Mississippi, MS"
"Victoria","Vicoria","Texas, TX"
"Victoria","Victorhia","Texas, TX"
"Vidalia","Vidallia","Georgia, GA"
"Waco","Wacco","Texas, TX"
"Waco","Wako","Texas, TX"
"Walla Walla","Wala Wala","Washington, WA"
"Walla Walla","Walawala","Washington, WA"
"Walla Walla","Walla","Washington, WA"
"Walla Walla","Wallawalla","Washington, WA"
"Wallace","Walace","Idaho, ID"
"Wallace","Wallis","Idaho, ID"
"Waltham","Walthum","Massachusetts, MA"
"Warrensburg","Warensberg","Missouri, MO"
"Warrensburg","Warensburg","Missouri, MO"
"Warrensburg","Warrensberg","Missouri, MO"
"Warroad","Waroad","Minnesota, MN"
"Wartrace","War Trace","Tennessee, TN"
"Wartrace","Wartrase","Tennessee, TN"
"Warwick","Warwic","Georgia, GA"
"Warwick","Warwik","Georgia, GA"
"Warwick","Warwik","Rhode Island, RI"
"Wasco","Wasko","California, CA"
"Wasco","Wosco","California, CA"
"Wasco","Wosko","California, CA"
"Washington","Washingtown","Missouri, MO"
"Waterbury","Waterbery","Connecticut, CT"
"Waterville","Watervile","Maine, ME"
"Watsonville","Watsonvile","California, CA"
"Waynesboro","Wainesboro","Georgia, GA"
"Waynesboro","Wayneboro","Georgia, GA"
"Waynesboro","Waynesborough","Georgia, GA"
"Waynesboro","Waynesboru","Georgia, GA"
"Waynesville","Waynesvile","Ohio, OH"
"Waynesville","Wayneville","Ohio, OH"
"Weatherford","Weatherferd","Texas, TX"
"Weatherford","Wetherford","Texas, TX"
"Weirton","Weirten","West Virginia, WV"
"Weirton","Werton","West Virginia, WV"
"West Haven","West Havan","Connecticut, CT"
"Westfield","Westfeild","Massachusetts, MA"
"Westfield","Westfeild","New York, NY"
"Wetumpka","Wetempka","Alabama, AL"
"Wichita","Wichta","Kansas, KS"
"Wickenburg","Wikenburg","Arizona, AZ"
"Willard","Wilard","Ohio, OH"
"Williamsburg","Williamsberg","Virginia, VA"
"Willimantic","Wilimantic","Connecticut, CT"
"Willimantic","Willamantic","Connecticut, CT"
"Willits","Wilits","California, CA"
"Willits","Willets","California, CA"
"Wills Point","Wils Point","Texas, TX"
"Wilmington","Willmingten","Delaware, DE"
"Wilmington","Willmington","Delaware, DE"
"Wilmington","Willmington","Illinois, IL"
"Wilmington","Willminton","Illinois, IL"
"Wilmington","Wilmingten","Delaware, DE"
"Wilmington","Wilmingtown","North Carolina, NC"
"Wilmington","Wilmingtown","Ohio, OH"
"Wilmington","Wilminton","Illinois, IL"
"Winfield","Winfeild","Alabama, AL"
"Winnemucca","Winemuca","Nevada, NV"
"Winnemucca","Winemucca","Nevada, NV"
"Winnemucca","Winnemuca","Nevada, NV"
"Winooski","Winokski","Vermont, VT"
"Winooski","Winoski","Vermont, VT"
"Winston-Salem","Winston Salam","North Carolina, NC"
"Wisconsin Dells","Winstconstin Dells","Wisconsin, WI"
"Worcester","Wochester","Massachusetts, MA"
"Worcester","Worchester","Massachusetts, MA"
"Worthington","Worthingtown","Minnesota, MN"
"Xenia","Senia","Ohio, OH"
"Xenia","Xenea","Ohio, OH"
"Yakima","Yackima","Washington, WA"
"Yonkers","Yonkars","New York, NY"
"Yonkers","Yunkers","New York, NY"
"Yorba Linda","Yurba Linda","California, CA"
"Yuba City","Uba City","California, CA"
"Yuma","Uma","Arizona, AZ"
"Zanesville","Zanesvile","Ohio, OH"
