"http://dbpedia.org/resource/Jim_Bunning","jim bunning","145"
"http://dbpedia.org/resource/Carlton_Fisk","carlton fisk","141"
"http://dbpedia.org/resource/Steve_Garvey","steve garvey","89"
"http://dbpedia.org/resource/Dale_Murphy","dale murphy","108"
"http://dbpedia.org/resource/Bill_Dickey","bill dickey","32"
"http://dbpedia.org/resource/Wade_Boggs","wade boggs","138"
"http://dbpedia.org/resource/Frank_White_(baseball)","frank white","114"
"http://dbpedia.org/resource/Richie_Ashburn","richie ashburn","51"
"http://dbpedia.org/resource/Babe_Ruth","babe ruth","7"
"http://dbpedia.org/resource/Lou_Gehrig","lou gehrig","2"
"http://dbpedia.org/resource/Tom_Glavine","tom glavine","172"
"http://dbpedia.org/resource/Ted_Lyons","ted lyons","61"
"http://dbpedia.org/resource/Roger_Maris","roger maris","72"
"http://dbpedia.org/resource/Eddie_Murray","eddie murray","128"
"http://dbpedia.org/resource/Charlie_Gehringer","charlie gehringer","63"
"http://dbpedia.org/resource/Jim_Umbricht","jim umbricht","19"
"http://dbpedia.org/resource/Harmon_Killebrew","harmon killebrew","35"
"http://dbpedia.org/resource/Steve_Carlton","steve carlton","90"
"http://dbpedia.org/resource/Reggie_Jackson","reggie jackson","107"
"http://dbpedia.org/resource/Luis_Aparicio","luis aparicio","75"
"http://dbpedia.org/resource/Gary_Carter","gary carter","149"
"http://dbpedia.org/resource/Mickey_Mantle","mickey mantle","21"
"http://dbpedia.org/resource/Mike_Scott_(baseball)","mike scott","104"
"http://dbpedia.org/resource/Willie_Horton_(baseball)","willie horton","140"
"http://dbpedia.org/resource/Orlando_Cepeda","orlando cepeda","134"
"http://dbpedia.org/resource/Willie_Mays","willie mays","25"
"http://dbpedia.org/resource/Don_Sutton","don sutton","132"
"http://dbpedia.org/resource/Paul_Molitor","paul molitor","133"
"http://dbpedia.org/resource/Ken_Boyer","ken boyer","67"
"http://dbpedia.org/resource/Jim_Palmer","jim palmer","78"
"http://dbpedia.org/resource/Billy_Pierce","billy pierce","62"
"http://dbpedia.org/resource/Earl_Averill","earl averill","43"
"http://dbpedia.org/resource/Pee_Wee_Reese","pee wee reese","70"
"http://dbpedia.org/resource/Ted_Williams","ted williams","69"
"http://dbpedia.org/resource/Rusty_Staub","rusty staub","106"
"http://dbpedia.org/resource/Ralph_Kiner","ralph kiner","81"
"http://dbpedia.org/resource/Jeff_Bagwell","jeff bagwell","163"
"http://dbpedia.org/resource/Whitey_Ford","whitey ford","36"
"http://dbpedia.org/resource/Rod_Carew","rod carew","100"
"http://dbpedia.org/resource/Al_Kaline","al kaline","57"
"http://dbpedia.org/resource/Robin_Yount","robin yount","110"
"http://dbpedia.org/resource/Duke_Snider","duke snider","56"
"http://dbpedia.org/resource/Nellie_Fox","nellie fox","46"
"http://dbpedia.org/resource/Johnny_Pesky","johnny pesky","165"
"http://dbpedia.org/resource/Pie_Traynor","pie traynor","27"
"http://dbpedia.org/resource/Rod_Carew","rod carew","84"
"http://dbpedia.org/resource/Honus_Wagner","honus wagner","12"
"http://dbpedia.org/resource/Joe_Morgan","joe morgan","127"
"http://dbpedia.org/resource/Bruce_Sutter","bruce sutter","160"
"http://dbpedia.org/resource/Ozzie_Smith","ozzie smith","116"
"http://dbpedia.org/resource/Stan_Musial","stan musial","17"
"http://dbpedia.org/resource/Kent_Hrbek","kent hrbek","115"
"http://dbpedia.org/resource/Jim_Gilliam","jim gilliam","50"
"http://dbpedia.org/resource/Mike_Schmidt","mike schmidt","98"
"http://dbpedia.org/resource/Don_Mattingly","don mattingly","124"
"http://dbpedia.org/resource/Ted_Kluszewski","ted kluszewski","130"
"http://dbpedia.org/resource/Nolan_Ryan","nolan ryan","101"
"http://dbpedia.org/resource/Cal_Ripken,_Jr.","cal ripken jr.","146"
"http://dbpedia.org/resource/Dave_Winfield","dave winfield","144"
"http://dbpedia.org/resource/Phil_Rizzuto","phil rizzuto","79"
"http://dbpedia.org/resource/Grover_Cleveland_Alexander","grover cleveland alexander","142"
"http://dbpedia.org/resource/Luke_Appling","luke appling","44"
"http://dbpedia.org/resource/Minnie_Mi%C3%B1oso","minnie mi&ntilde;oso","60"
"http://dbpedia.org/resource/Larry_Dierker","larry dierker","147"
"http://dbpedia.org/resource/Bob_Lemon","bob lemon","129"
"http://dbpedia.org/resource/Eddie_Mathews","eddie mathews","20"
"http://dbpedia.org/resource/Rollie_Fingers","rollie fingers","102"
"http://dbpedia.org/resource/Brooks_Robinson","brooks robinson","49"
"http://dbpedia.org/resource/Tony_Gwynn","tony gwynn","148"
"http://dbpedia.org/resource/Don_Drysdale","don drysdale","71"
"http://dbpedia.org/resource/Warren_Spahn","warren spahn","18"
"http://dbpedia.org/resource/Mel_Harder","mel harder","97"
"http://dbpedia.org/resource/Gaylord_Perry","gaylord perry","157"
"http://dbpedia.org/resource/Rogers_Hornsby","rogers hornsby","1"
"http://dbpedia.org/resource/Hank_Greenberg","hank greenberg","64"
"http://dbpedia.org/resource/Nolan_Ryan","nolan ryan","118"
"http://dbpedia.org/resource/Bob_Gibson","bob gibson","40"
"http://dbpedia.org/resource/Harold_Baines","harold baines","92"
"http://dbpedia.org/resource/Yogi_Berra","yogi berra","31"
"http://dbpedia.org/resource/Ferguson_Jenkins","ferguson jenkins","167"
"http://dbpedia.org/resource/Hank_Aaron","hank aaron","48"
"http://dbpedia.org/resource/Phil_Niekro","phil niekro","65"
"http://dbpedia.org/resource/Tony_P%C3%A9rez","tony perez","139"
"http://dbpedia.org/resource/Frank_Robinson","frank robinson","26"
"http://dbpedia.org/resource/Ron_Santo","ron santo","151"
"http://dbpedia.org/resource/Nolan_Ryan","nolan ryan","119"
"http://dbpedia.org/resource/Frank_Thomas_(outfielder)","frank thomas","176"
"http://dbpedia.org/resource/George_Brett","george brett","109"
"http://dbpedia.org/resource/Lou_Boudreau","lou boudreau","24"
"http://dbpedia.org/resource/Bill_Terry","bill terry","66"
"http://dbpedia.org/resource/Willard_Hershberger","willard hershberger","5"
"http://dbpedia.org/resource/Greg_Maddux","greg maddux","168"
"http://dbpedia.org/resource/Tim_Raines","tim raines","153"
"http://dbpedia.org/resource/Don_Wilson_(baseball)","don wilson","45"
"http://dbpedia.org/resource/Carlton_Fisk","carlton fisk","125"
"http://dbpedia.org/resource/Chuck_Klein","chuck klein","143"
"http://dbpedia.org/resource/Bobby_Doerr","bobby doerr","87"
"http://dbpedia.org/resource/Craig_Biggio","craig biggio","164"
"http://dbpedia.org/resource/Hal_Newhouser","hal newhouser","123"
"http://dbpedia.org/resource/Rickey_Henderson","rickey henderson","170"
"http://dbpedia.org/resource/Billy_Williams_(left_fielder)","billy williams","85"
"http://dbpedia.org/resource/Dick_Howser","dick howser","83"
"http://dbpedia.org/resource/Ryne_Sandberg","ryne sandberg","159"
"http://dbpedia.org/resource/Ernie_Banks","ernie banks","59"
"http://dbpedia.org/resource/Dave_Concepci%C3%B3n","dave concepci&oacute;n","162"
"http://dbpedia.org/resource/Carl_Yastrzemski","carl yastrzemski","91"
"http://dbpedia.org/resource/Ty_Cobb","ty cobb","137"
"http://dbpedia.org/resource/Jackie_Robinson","jackie robinson","30"
"http://dbpedia.org/resource/Tony_Oliva","tony oliva","99"
"http://dbpedia.org/resource/Kirby_Puckett","kirby puckett","122"
"http://dbpedia.org/resource/Joe_DiMaggio","joe dimaggio","11"
"http://dbpedia.org/resource/Roberto_Clemente","roberto clemente","33"
"http://dbpedia.org/resource/Rollie_Fingers","rollie fingers","105"
"http://dbpedia.org/resource/Jim_Fregosi","jim fregosi","131"
"http://dbpedia.org/resource/Juan_Marichal","juan marichal","41"
"http://dbpedia.org/resource/Luis_Gonzalez_(outfielder)","luis gonzalez","175"
"http://dbpedia.org/resource/Bert_Blyleven","bert blyleven","177"
"http://dbpedia.org/resource/Mel_Ott","mel ott","8"
"http://dbpedia.org/resource/Roy_Campanella","roy campanella","29"
"http://dbpedia.org/resource/Gil_Hodges","gil hodges","34"
"http://dbpedia.org/resource/Catfish_Hunter","catfish hunter","95"
"http://dbpedia.org/resource/Dennis_Eckersley","dennis eckersley","158"
"http://dbpedia.org/resource/Paul_Waner","paul waner","161"
"http://dbpedia.org/resource/Lou_Brock","lou brock","53"
"http://dbpedia.org/resource/Carl_Hubbell","carl hubbell","6"
"http://dbpedia.org/resource/Christy_Mathewson","christy mathewson","86"
"http://dbpedia.org/resource/Dizzy_Dean","dizzy dean","37"
"http://dbpedia.org/resource/Ron_Guidry","ron guidry","150"
"http://dbpedia.org/resource/Hank_Aaron","hank aaron","47"
"http://dbpedia.org/resource/Willie_McCovey","willie mccovey","42"
"http://dbpedia.org/resource/Johnny_Bench","johnny bench","74"
"http://dbpedia.org/resource/Billy_Martin","billy martin","80"
"http://dbpedia.org/resource/Bill_Mazeroski","bill mazeroski","82"
"http://dbpedia.org/resource/Frank_Robinson","frank robinson","126"
"http://dbpedia.org/resource/Bob_Feller","bob feller","13"
"http://dbpedia.org/resource/Andre_Dawson","andre dawson","120"
"http://dbpedia.org/resource/Monte_Irvin","monte irvin","171"
"http://dbpedia.org/resource/Randy_Jones_(baseball)","randy jones","121"
"http://dbpedia.org/resource/Elston_Howard","elston howard","73"
"http://dbpedia.org/resource/Willie_Stargell","willie stargell","58"
"http://dbpedia.org/resource/Reggie_Jackson","reggie jackson","152"
"http://dbpedia.org/resource/Sandy_Koufax","sandy koufax","28"
"http://dbpedia.org/resource/Tom_Seaver","tom seaver","88"
"http://dbpedia.org/resource/Larry_Doby","larry doby","111"
"http://dbpedia.org/resource/Joe_Cronin","joe cronin","68"
"http://dbpedia.org/resource/Enos_Slaughter","enos slaughter","117"
"http://dbpedia.org/resource/Thurman_Munson","thurman munson","52"
"http://dbpedia.org/resource/Jimmy_Wynn","jimmy wynn","156"
"http://dbpedia.org/resource/Jos%C3%A9_Cruz","jos&eacute; cruz","103"
"http://dbpedia.org/resource/Greg_Maddux","greg maddux","166"
"http://dbpedia.org/resource/Jim_Rice","jim rice","169"
"http://dbpedia.org/resource/Red_Schoendienst","red schoendienst","96"
"http://dbpedia.org/resource/Robin_Roberts_(baseball)","robin roberts","16"
